example_name,minutes_slept,minutes_awake,temperature_celsius,co2,light,target,candidate_factor,recommended_value,env_score
example_1,348.0,60,23.1362531692343,564.9981901374922,874.1722139252524,0,current,,0.7396381016607891
example_1,348.0,60,20.0,564.9981901374922,874.1722139252524,0,temperature_celsius,20.0,0.9278132918148472
example_1,348.0,60,23.1362531692343,500.0,874.1722139252524,0,co2,500.0,0.768074809845942
example_1,348.0,60,23.1362531692343,564.9981901374922,1500.0,0,light,1500.0,0.7396381016607891
example_2,450.0,60,18.67311971996039,1844.0846506873067,1911.285751537849,1,current,,0.2886001485219267
example_2,450.0,60,20.0,1844.0846506873067,1911.285751537849,1,temperature_celsius,20.0,0.36821296532430337
example_2,450.0,60,18.67311971996039,500.0,1911.285751537849,1,co2,500.0,0.8766371831976234
example_2,450.0,60,18.67311971996039,1844.0846506873067,1500.0,1,light,1500.0,0.2886001485219267
example_3,308.0,60,19.293029712756912,1208.4037959165714,1517.5890952605291,0,current,,0.6039051220519147
example_3,308.0,60,20.0,1208.4037959165714,1517.5890952605291,0,temperature_celsius,20.0,0.6463233392865
example_3,308.0,60,19.293029712756912,500.0,1517.5890952605291,0,co2,500.0,0.9138317827654148
example_3,308.0,60,19.293029712756912,1208.4037959165714,1500.0,0,light,1500.0,0.6039051220519147
example_4,590.0,60,25.18843350821664,1722.3319457723867,1277.585271554666,0,current,,0.11017376323158246
example_4,590.0,60,20.0,1722.3319457723867,1277.585271554666,0,temperature_celsius,20.0,0.4214797737245808
example_4,590.0,60,25.18843350821664,500.0,1277.585271554666,0,co2,500.0,0.6449439895070016
example_4,590.0,60,25.18843350821664,1722.3319457723867,1500.0,0,light,1500.0,0.11017376323158246
example_5,493.0,60,22.85143247727672,912.0793616489788,480.8335527963857,1,current,,0.6048793306419686
example_5,493.0,60,20.0,912.0793616489788,480.8335527963857,1,temperature_celsius,20.0,0.7759652792785718
example_5,493.0,60,22.85143247727672,500.0,480.8335527963857,1,co2,500.0,0.7851640513633968
example_5,493.0,60,22.85143247727672,912.0793616489788,1500.0,1,light,1500.0,0.6048793306419686
example_6,261.0,60,18.07357641293304,1832.8371655939209,480.7901366051648,0,current,,0.2575483248286421
example_6,261.0,60,20.0,1832.8371655939209,480.7901366051648,0,temperature_celsius,20.0,0.37313374005265965
example_6,261.0,60,18.07357641293304,500.0,480.7901366051648,0,co2,500.0,0.8406645847759824
example_6,261.0,60,18.07357641293304,1832.8371655939209,1500.0,0,light,1500.0,0.2575483248286421
example_7,382.0,60,18.811772342928258,1022.722685974661,304.55050190275904,0,current,,0.6562651654617813
example_7,382.0,60,20.0,1022.722685974661,304.55050190275904,0,temperature_celsius,20.0,0.7275588248860858
example_7,382.0,60,18.811772342928258,500.0,304.55050190275904,0,co2,500.0,0.8849563405756955
example_7,382.0,60,18.811772342928258,1022.722685974661,1500.0,0,light,1500.0,0.6562651654617813
example_8,285.0,60,23.308014152864445,417.3402423684774,1759.1170623948833,1,current,,0.7939327947919245
example_8,285.0,60,20.0,417.3402423684774,1759.1170623948833,1,temperature_celsius,20.0,0.9924136439637912
example_8,285.0,60,23.308014152864445,500.0,1759.1170623948833,1,co2,500.0,0.7577691508281333
example_8,285.0,60,23.308014152864445,417.3402423684774,1500.0,1,light,1500.0,0.7939327947919245
example_9,500.00000000000006,60,18.04049267076975,1848.6111622708213,1282.0070211377758,0,current,,0.24866217675270086
example_9,500.00000000000006,60,20.0,1848.6111622708213,1282.0070211377758,0,temperature_celsius,20.0,0.36623261650651573
example_9,500.00000000000006,60,18.04049267076975,500.0,1282.0070211377758,0,co2,500.0,0.8386795602461851
example_9,500.00000000000006,60,18.04049267076975,1848.6111622708213,1500.0,0,light,1500.0,0.24866217675270086
example_10,345.0,60,19.28646441133999,546.0586828578137,1474.5306400328818,0,current,,0.8932871909301059
example_10,345.0,60,20.0,546.0586828578137,1474.5306400328818,0,temperature_celsius,20.0,0.9360993262497065
example_10,345.0,60,19.28646441133999,500.0,1474.5306400328818,0,co2,500.0,0.9134378646803993
example_10,345.0,60,19.28646441133999,546.0586828578137,1500.0,0,light,1500.0,0.8932871909301059
example_11,473.0,60,22.38987031493269,910.9018201446638,237.0520897324444,0,current,,0.6330882347907483
example_11,473.0,60,20.0,910.9018201446638,237.0520897324444,0,temperature_celsius,20.0,0.7764804536867096
example_11,473.0,60,22.38987031493269,500.0,237.0520897324444,0,co2,500.0,0.8128577811040386
example_11,473.0,60,22.38987031493269,910.9018201446638,1500.0,0,light,1500.0,0.6330882347907483
example_12,240.0,60,23.535161581541544,1920.099147281288,1945.8377338915896,1,current,,0.12284692817194387
example_12,240.0,60,20.0,1920.099147281288,1945.8377338915896,1,temperature_celsius,20.0,0.3349566230644365
example_12,240.0,60,23.535161581541544,500.0,1945.8377338915896,1,co2,500.0,0.7441403051075073
example_12,240.0,60,23.535161581541544,1920.099147281288,1500.0,1,light,1500.0,0.12284692817194387
example_13,594.0,60,23.21569007602081,1920.9714351000896,1698.396753440759,0,current,,0.14163359258246233
example_13,594.0,60,20.0,1920.9714351000896,1698.396753440759,0,temperature_celsius,20.0,0.33457499714371086
example_13,594.0,60,23.21569007602081,500.0,1698.396753440759,0,co2,500.0,0.7633085954387515
example_13,594.0,60,23.21569007602081,1920.9714351000896,1500.0,0,light,1500.0,0.14163359258246233
example_14,399.0,60,19.79415447568448,1317.5006209972578,582.2103992208971,1,current,,0.5862427468547685
example_14,399.0,60,20.0,1317.5006209972578,582.2103992208971,1,temperature_celsius,20.0,0.5985934783136997
example_14,399.0,60,19.79415447568448,500.0,582.2103992208971,1,co2,500.0,0.9438992685410688
example_14,399.0,60,19.79415447568448,1317.5006209972578,1500.0,1,light,1500.0,0.5862427468547685
example_15,526.0,60,23.69743377078029,1410.939539471679,527.2849409727811,1,current,,0.3358679252343231
example_15,526.0,60,20.0,1410.939539471679,527.2849409727811,1,temperature_celsius,20.0,0.5577139514811404
example_15,526.0,60,23.69743377078029,500.0,527.2849409727811,1,co2,500.0,0.7344039737531827
example_15,526.0,60,23.69743377078029,1410.939539471679,1500.0,1,light,1500.0,0.3358679252343231
example_16,292.0,60,19.8979926999744,1117.5128351653116,530.1281177361809,1,current,,0.6799676966136401
example_16,292.0,60,20.0,1117.5128351653116,530.1281177361809,1,temperature_celsius,20.0,0.6860881346151761
example_16,292.0,60,19.8979926999744,500.0,530.1281177361809,1,co2,500.0,0.950129561998464
example_16,292.0,60,19.8979926999744,1117.5128351653116,1500.0,1,light,1500.0,0.6799676966136401
example_17,249.00000000000003,60,20.603197585274145,869.1372347169033,747.6360373271679,1,current,,0.758560604694906
example_17,249.00000000000003,60,20.0,869.1372347169033,747.6360373271679,1,temperature_celsius,20.0,0.7947524598113548
example_17,249.00000000000003,60,20.603197585274145,500.0,747.6360373271679,1,co2,500.0,0.9200581448835513
example_17,249.00000000000003,60,20.603197585274145,869.1372347169033,1500.0,1,light,1500.0,0.758560604694906
example_18,476.0,60,23.9719312409442,925.8632725918656,1144.561576938028,0,current,,0.5316189437844068
example_18,476.0,60,20.0,925.8632725918656,1144.561576938028,0,temperature_celsius,20.0,0.7699348182410588
example_18,476.0,60,23.9719312409442,500.0,1144.561576938028,0,co2,500.0,0.717934125543348
example_18,476.0,60,23.9719312409442,925.8632725918656,1500.0,0,light,1500.0,0.5316189437844068
example_19,505.0,60,23.19706319237772,1476.0295297232617,977.5010335558084,1,current,,0.33741328920340985
example_19,505.0,60,20.0,1476.0295297232617,977.5010335558084,1,temperature_celsius,20.0,0.5292370807460731
example_19,505.0,60,23.19706319237772,500.0,977.5010335558084,1,co2,500.0,0.7644262084573368
example_19,505.0,60,23.19706319237772,1476.0295297232617,1500.0,1,light,1500.0,0.33741328920340985
example_20,274.0,60,24.793787283953424,1603.799247100288,724.2124523564754,1,current,,0.18571059235641862
example_20,274.0,60,20.0,1603.799247100288,724.2124523564754,1,temperature_celsius,20.0,0.473337829393624
example_20,274.0,60,24.793787283953424,500.0,724.2124523564754,1,co2,500.0,0.6686227629627945
example_20,274.0,60,24.793787283953424,1603.799247100288,1500.0,1,light,1500.0,0.18571059235641862
example_21,444.0,60,23.260903138402742,1666.5264699613576,1301.335210500283,0,current,,0.25024048108774144
example_21,444.0,60,20.0,1666.5264699613576,1301.335210500283,0,temperature_celsius,20.0,0.44589466939190603
example_21,444.0,60,23.260903138402742,500.0,1301.335210500283,0,co2,500.0,0.7605958116958355
example_21,444.0,60,23.260903138402742,1666.5264699613576,1500.0,0,light,1500.0,0.25024048108774144
example_22,310.0,60,22.54646882668377,1663.389028471286,451.0889491736753,1,current,,0.29447917044278615
example_22,310.0,60,20.0,1663.389028471286,451.0889491736753,1,temperature_celsius,20.0,0.44726730004381243
example_22,310.0,60,22.54646882668377,500.0,451.0889491736753,1,co2,500.0,0.8034618703989738
example_22,310.0,60,22.54646882668377,1663.389028471286,1500.0,1,light,1500.0,0.29447917044278615
example_23,541.0,60,18.74939814262474,545.9297648779045,725.8603673633927,1,current,,0.8611196164234013
example_23,541.0,60,20.0,545.9297648779045,725.8603673633927,1,temperature_celsius,20.0,0.9361557278659167
example_23,541.0,60,18.74939814262474,500.0,725.8603673633927,1,co2,500.0,0.8812138885574845
example_23,541.0,60,18.74939814262474,545.9297648779045,1500.0,1,light,1500.0,0.8611196164234013
example_24,326.0,60,20.94172642447547,1191.0724875241303,859.451317928645,1,current,,0.5974022012396649
example_24,326.0,60,20.0,1191.0724875241303,859.451317928645,1,temperature_celsius,20.0,0.653905786708193
example_24,326.0,60,20.94172642447547,500.0,859.451317928645,1,co2,500.0,0.8997464145314719
example_24,326.0,60,20.94172642447547,1191.0724875241303,1500.0,1,light,1500.0,0.5974022012396649
example_25,326.0,60,20.121618941453804,492.09401602663087,1020.9259715906646,1,current,,0.9524117315011208
example_25,326.0,60,20.0,492.09401602663087,1020.9259715906646,1,temperature_celsius,20.0,0.959708867988349
example_25,326.0,60,20.121618941453804,500.0,1020.9259715906646,1,co2,500.0,0.9489528635127717
example_25,326.0,60,20.121618941453804,492.09401602663087,1500.0,1,light,1500.0,0.9524117315011208
example_26,282.0,60,19.951917147032667,1279.2462117179768,1613.3167305074244,1,current,,0.6124448111953451
example_26,282.0,60,20.0,1279.2462117179768,1613.3167305074244,1,temperature_celsius,20.0,0.6153297823733852
example_26,282.0,60,19.951917147032667,500.0,1613.3167305074244,1,co2,500.0,0.9533650288219601
example_26,282.0,60,19.951917147032667,1279.2462117179768,1500.0,1,light,1500.0,0.6124448111953451
example_27,403.0,60,25.78408443801957,1106.4488021974032,559.4128078850475,0,current,,0.343883582757462
example_27,403.0,60,20.0,1106.4488021974032,559.4128078850475,0,temperature_celsius,20.0,0.6909286490386362
example_27,403.0,60,25.78408443801957,500.0,559.4128078850475,0,co2,500.0,0.6092049337188259
example_27,403.0,60,25.78408443801957,1106.4488021974032,1500.0,0,light,1500.0,0.343883582757462
example_28,410.0,60,21.144781797334083,1820.32669241328,1125.6219891445007,1,current,,0.30992016422914515
example_28,410.0,60,20.0,1820.32669241328,1125.6219891445007,1,temperature_celsius,20.0,0.3786070720691901
example_28,410.0,60,21.144781797334083,500.0,1125.6219891445007,1,co2,500.0,0.887563092159955
example_28,410.0,60,21.144781797334083,1820.32669241328,1500.0,1,light,1500.0,0.30992016422914515
example_29,563.0,60,25.136372441416903,961.464020083326,1266.3462239516764,1,current,,0.44617714472853076
example_29,563.0,60,20.0,961.464020083326,1266.3462239516764,1,temperature_celsius,20.0,0.754359491213545
example_29,563.0,60,25.136372441416903,500.0,1266.3462239516764,1,co2,500.0,0.6480676535149859
example_29,563.0,60,25.136372441416903,961.464020083326,1500.0,1,light,1500.0,0.44617714472853076
example_30,246.0,60,23.049109007978103,587.3072262841694,283.6107428959959,0,current,,0.7351065480219897
example_30,246.0,60,20.0,587.3072262841694,283.6107428959959,0,temperature_celsius,20.0,0.9180530885006759
example_30,246.0,60,23.049109007978103,500.0,283.6107428959959,0,co2,500.0,0.7733034595213139
example_30,246.0,60,23.049109007978103,587.3072262841694,1500.0,0,light,1500.0,0.7351065480219897
example_31,425.0,60,24.358490428333187,628.7866912845374,1293.580733422589,0,current,,0.6383963968630237
example_31,425.0,60,20.0,628.7866912845374,1293.580733422589,0,temperature_celsius,20.0,0.8999058225630149
example_31,425.0,60,24.358490428333187,500.0,1293.580733422589,0,co2,500.0,0.6947405743000088
example_31,425.0,60,24.358490428333187,628.7866912845374,1500.0,0,light,1500.0,0.6383963968630237
example_32,503.0,60,22.021096744841536,1618.4170107479556,506.9434226371248,1,current,,0.3456767531072773
example_32,503.0,60,20.0,1618.4170107479556,506.9434226371248,1,temperature_celsius,20.0,0.4669425577977695
example_32,503.0,60,22.021096744841536,500.0,506.9434226371248,1,co2,500.0,0.8349841953095078
example_32,503.0,60,22.021096744841536,1618.4170107479556,1500.0,1,light,1500.0,0.3456767531072773
example_33,288.0,60,22.615231077010872,1389.1489013060177,317.0928673735031,0,current,,0.410333491057965
example_33,288.0,60,20.0,1389.1489013060177,317.0928673735031,0,temperature_celsius,20.0,0.5672473556786173
example_33,288.0,60,22.615231077010872,500.0,317.0928673735031,0,co2,500.0,0.7993361353793477
example_33,288.0,60,22.615231077010872,1389.1489013060177,1500.0,0,light,1500.0,0.410333491057965
example_34,522.0,60,21.940141550550912,561.7962817964644,1907.993967056,1,current,,0.8128056336809921
example_34,522.0,60,20.0,561.7962817964644,1907.993967056,1,temperature_celsius,20.0,0.9292141267140468
example_34,522.0,60,21.940141550550912,500.0,1907.993967056,1,co2,500.0,0.8398415069669453
example_34,522.0,60,21.940141550550912,561.7962817964644,1500.0,1,light,1500.0,0.8128056336809921
example_35,565.0,60,19.56194390238436,534.5708897839959,1938.137659534207,0,current,,0.9148418698625634
example_35,565.0,60,20.0,534.5708897839959,1938.137659534207,0,temperature_celsius,20.0,0.9411252357195018
example_35,565.0,60,19.56194390238436,500.0,1938.137659534207,0,co2,500.0,0.9299666341430617
example_35,565.0,60,19.56194390238436,534.5708897839959,1500.0,0,light,1500.0,0.9148418698625634
example_36,469.0,60,23.779616922092043,1521.550610334592,1655.11522660963,0,current,,0.2825445926530935
example_36,469.0,60,20.0,1521.550610334592,1655.11522660963,0,temperature_celsius,20.0,0.509321607978616
example_36,469.0,60,23.779616922092043,500.0,1655.11522660963,0,co2,500.0,0.7294729846744774
example_36,469.0,60,23.779616922092043,1521.550610334592,1500.0,0,light,1500.0,0.2825445926530935
example_37,528.0,60,20.246178899526846,516.4208101827096,748.3047845120673,1,current,,0.9342951615734538
example_37,528.0,60,20.0,516.4208101827096,748.3047845120673,1,temperature_celsius,20.0,0.9490658955450646
example_37,528.0,60,20.246178899526846,500.0,748.3047845120673,1,co2,500.0,0.9414792660283893
example_37,528.0,60,20.246178899526846,516.4208101827096,1500.0,1,light,1500.0,0.9342951615734538
example_38,259.0,60,18.19452773145163,1714.97609486457,375.8098052114909,0,current,,0.31636962238384836
example_38,259.0,60,20.0,1714.97609486457,375.8098052114909,0,temperature_celsius,20.0,0.4246979584967506
example_38,259.0,60,18.19452773145163,500.0,375.8098052114909,0,co2,500.0,0.8479216638870978
example_38,259.0,60,18.19452773145163,1714.97609486457,1500.0,0,light,1500.0,0.31636962238384836
example_39,288.0,60,23.163778367257343,1529.987563450394,1431.6194477218824,1,current,,0.3158037389550121
example_39,288.0,60,20.0,1529.987563450394,1431.6194477218824,1,temperature_celsius,20.0,0.5056304409904526
example_39,288.0,60,23.163778367257343,500.0,1431.6194477218824,1,co2,500.0,0.7664232979645594
example_39,288.0,60,23.163778367257343,1529.987563450394,1500.0,1,light,1500.0,0.3158037389550121
example_40,473.0,60,19.41688543525639,530.1580490270396,992.2744887312824,0,current,,0.9080689796660536
example_40,473.0,60,20.0,530.1580490270396,992.2744887312824,0,temperature_celsius,20.0,0.9430558535506701
example_40,473.0,60,19.41688543525639,500.0,992.2744887312824,0,co2,500.0,0.9212631261153834
example_40,473.0,60,19.41688543525639,530.1580490270396,1500.0,0,light,1500.0,0.9080689796660536
example_41,567.0,60,25.52366867482332,535.740342536307,419.6688227206019,1,current,,0.6091934796509665
example_41,567.0,60,20.0,535.740342536307,419.6688227206019,1,temperature_celsius,20.0,0.9406136001403657
example_41,567.0,60,25.52366867482332,500.0,419.6688227206019,1,co2,500.0,0.6248298795106009
example_41,567.0,60,25.52366867482332,535.740342536307,1500.0,1,light,1500.0,0.6091934796509665
example_42,519.0,60,25.6314286160207,1978.6233256018809,1091.3184382002864,0,current,,-0.02853342191206476
example_42,519.0,60,20.0,1978.6233256018809,1091.3184382002864,0,temperature_celsius,20.0,0.30935229504917716
example_42,519.0,60,25.6314286160207,500.0,1091.3184382002864,0,co2,500.0,0.618364283038758
example_42,519.0,60,25.6314286160207,1978.6233256018809,1500.0,0,light,1500.0,-0.02853342191206476
example_43,246.0,60,25.318915121763588,998.8332732097924,261.8993380073931,0,current,,0.41887553566490054
example_43,246.0,60,20.0,998.8332732097924,261.8993380073931,0,temperature_celsius,20.0,0.7380104429707158
example_43,246.0,60,25.318915121763588,500.0,261.8993380073931,0,co2,500.0,0.6371150926941848
example_43,246.0,60,25.318915121763588,998.8332732097924,1500.0,0,light,1500.0,0.41887553566490054
example_44,271.0,60,20.961269602043554,993.0274353070256,1836.776723741808,0,current,,0.682874320930563
example_44,271.0,60,20.0,993.0274353070256,1836.776723741808,0,temperature_celsius,20.0,0.7405504970531762
example_44,271.0,60,20.961269602043554,500.0,1836.776723741808,0,co2,500.0,0.8985738238773867
example_44,271.0,60,20.961269602043554,993.0274353070256,1500.0,0,light,1500.0,0.682874320930563
example_45,509.0,60,18.12365293223094,1700.479307612004,665.8039668800304,1,current,,0.3184594788536046
example_45,509.0,60,20.0,1700.479307612004,665.8039668800304,1,temperature_celsius,20.0,0.43104030291974826
example_45,509.0,60,18.12365293223094,500.0,665.8039668800304,1,co2,500.0,0.8436691759338564
example_45,509.0,60,18.12365293223094,1700.479307612004,1500.0,1,light,1500.0,0.3184594788536046
example_46,418.0,60,25.4265485007018,1915.5977238141736,1392.5401118371676,0,current,,0.011333085789191122
example_46,418.0,60,20.0,1915.5977238141736,1392.5401118371676,0,temperature_celsius,20.0,0.3369259958312991
example_46,418.0,60,25.4265485007018,500.0,1392.5401118371676,0,co2,500.0,0.630657089957892
example_46,418.0,60,25.4265485007018,1915.5977238141736,1500.0,0,light,1500.0,0.011333085789191122
example_47,391.0,60,21.425473186538515,1977.6017021165933,761.0799369609397,0,current,,0.22427086413167951
example_47,391.0,60,20.0,1977.6017021165933,761.0799369609397,0,temperature_celsius,20.0,0.30979925532399044
example_47,391.0,60,21.425473186538515,500.0,761.0799369609397,0,co2,500.0,0.8707216088076891
example_47,391.0,60,21.425473186538515,1977.6017021165933,1500.0,0,light,1500.0,0.22427086413167951
example_48,568.0000000000001,60,25.73323855234936,1605.4050964143066,1136.1224381200595,0,current,,0.12864095717777935
example_48,568.0000000000001,60,20.0,1605.4050964143066,1136.1224381200595,0,temperature_celsius,20.0,0.47263527031874086
example_48,568.0000000000001,60,25.73323855234936,500.0,1136.1224381200595,0,co2,500.0,0.6122556868590385
example_48,568.0000000000001,60,25.73323855234936,1605.4050964143066,1500.0,0,light,1500.0,0.12864095717777935
example_49,284.0,60,25.70895981671402,1002.0153368494653,1184.0785028179034,0,current,,0.39408070112551774
example_49,284.0,60,20.0,1002.0153368494653,1184.0785028179034,0,temperature_celsius,20.0,0.736618290128359
example_49,284.0,60,25.70895981671402,500.0,1184.0785028179034,0,co2,500.0,0.6137124109971588
example_49,284.0,60,25.70895981671402,1002.0153368494653,1500.0,0,light,1500.0,0.39408070112551774
example_50,509.0,60,24.82407564373888,533.60114671787,532.7380199459487,0,current,,0.6521049596865991
example_50,509.0,60,20.0,533.60114671787,532.7380199459487,0,temperature_celsius,20.0,0.9415494983109318
example_50,509.0,60,24.82407564373888,500.0,532.7380199459487,0,co2,500.0,0.6668054613756672
example_50,509.0,60,24.82407564373888,533.60114671787,1500.0,0,light,1500.0,0.6521049596865991
example_51,377.0,60,20.355591136556686,1643.4350654838988,1945.2523299762047,1,current,,0.43466169065739313
example_51,377.0,60,20.0,1643.4350654838988,1945.2523299762047,1,temperature_celsius,20.0,0.4559971588507943
example_51,377.0,60,20.355591136556686,500.0,1945.2523299762047,1,co2,500.0,0.9349145318065988
example_51,377.0,60,20.355591136556686,1643.4350654838988,1500.0,1,light,1500.0,0.43466169065739313
example_52,253.0,60,21.080781828815404,1293.446799577288,1595.239082050006,1,current,,0.5442701154560123
example_52,253.0,60,20.0,1293.446799577288,1595.239082050006,1,temperature_celsius,20.0,0.6091170251849365
example_52,253.0,60,21.080781828815404,500.0,1595.239082050006,1,co2,500.0,0.8914030902710758
example_52,253.0,60,21.080781828815404,1293.446799577288,1500.0,1,light,1500.0,0.5442701154560123
example_53,406.0,60,24.809093372134853,1078.755214795162,1891.0980948155404,0,current,,0.41449899119902556
example_53,406.0,60,20.0,1078.755214795162,1891.0980948155404,0,temperature_celsius,20.0,0.7030445935271167
example_53,406.0,60,24.809093372134853,500.0,1891.0980948155404,0,co2,500.0,0.6677043976719088
example_53,406.0,60,24.809093372134853,1078.755214795162,1500.0,0,light,1500.0,0.41449899119902556
example_54,301.0,60,20.53537604125022,1850.1670161515776,1810.689230769768,1,current,,0.3334293679586716
example_54,301.0,60,20.0,1850.1670161515776,1810.689230769768,1,temperature_celsius,20.0,0.36555193043368484
example_54,301.0,60,20.53537604125022,500.0,1810.689230769768,1,co2,500.0,0.9241274375249868
example_54,301.0,60,20.53537604125022,1850.1670161515776,1500.0,1,light,1500.0,0.3334293679586716
example_55,567.0,60,19.35594197348874,577.9159716898421,1276.2199618599532,0,current,,0.8835182807950185
example_55,567.0,60,20.0,577.9159716898421,1276.2199618599532,0,temperature_celsius,20.0,0.9221617623856941
example_55,567.0,60,19.35594197348874,500.0,1276.2199618599532,0,co2,500.0,0.9176065184093244
example_55,567.0,60,19.35594197348874,577.9159716898421,1500.0,0,light,1500.0,0.8835182807950185
example_56,289.0,60,22.4544100996668,1188.2001668653747,1859.3736230416105,0,current,,0.5078978210163907
example_56,289.0,60,20.0,1188.2001668653747,1859.3736230416105,0,temperature_celsius,20.0,0.6551624269963986
example_56,289.0,60,22.4544100996668,500.0,1859.3736230416105,0,co2,500.0,0.808985394019992
example_56,289.0,60,22.4544100996668,1188.2001668653747,1500.0,0,light,1500.0,0.5078978210163907
example_57,577.0,60,25.489238193286248,418.1658316278705,359.2865036934551,0,current,,0.6626981570656318
example_57,577.0,60,20.0,418.1658316278705,359.2865036934551,0,temperature_celsius,20.0,0.9920524486628066
example_57,577.0,60,25.489238193286248,500.0,359.2865036934551,0,co2,500.0,0.6268957084028252
example_57,577.0,60,25.489238193286248,418.1658316278705,1500.0,0,light,1500.0,0.6626981570656318
example_58,363.0,60,23.568238373399783,1149.857027190602,552.7691523544613,1,current,,0.4578432482001247
example_58,363.0,60,20.0,1149.857027190602,552.7691523544613,1,temperature_celsius,20.0,0.6719375506041116
example_58,363.0,60,23.568238373399783,500.0,552.7691523544613,1,co2,500.0,0.7421556975960131
example_58,363.0,60,23.568238373399783,1149.857027190602,1500.0,1,light,1500.0,0.4578432482001247
example_59,247.0,60,22.56048936071492,490.08524109093975,281.4091200389685,0,current,,0.8069583453798186
example_59,247.0,60,20.0,490.08524109093975,281.4091200389685,0,temperature_celsius,20.0,0.9605877070227139
example_59,247.0,60,22.56048936071492,500.0,281.4091200389685,0,co2,500.0,0.8026206383571047
example_59,247.0,60,22.56048936071492,490.08524109093975,1500.0,0,light,1500.0,0.8069583453798186
example_60,534.0,60,18.777411950166147,590.1086660289151,785.5945953738758,0,current,,0.8434721756223185
example_60,534.0,60,20.0,590.1086660289151,785.5945953738758,0,temperature_celsius,20.0,0.9168274586123497
example_60,534.0,60,18.777411950166147,500.0,785.5945953738758,0,co2,500.0,0.8828947170099688
example_60,534.0,60,18.777411950166147,590.1086660289151,1500.0,0,light,1500.0,0.8434721756223185
example_61,391.0,60,22.92005781359336,588.0419948433678,899.6191214410676,0,current,,0.7425281584404251
example_61,391.0,60,20.0,588.0419948433678,899.6191214410676,0,temperature_celsius,20.0,0.9177316272560266
example_61,391.0,60,22.92005781359336,500.0,899.6191214410676,0,co2,500.0,0.7810465311843984
example_61,391.0,60,22.92005781359336,588.0419948433678,1500.0,0,light,1500.0,0.7425281584404251
example_62,309.0,60,25.920430800834104,1438.7364833857016,688.4282571930127,0,current,,0.19032694046870935
example_62,309.0,60,20.0,1438.7364833857016,688.4282571930127,0,temperature_celsius,20.0,0.5455527885187557
example_62,309.0,60,25.920430800834104,500.0,688.4282571930127,0,co2,500.0,0.6010241519499537
example_62,309.0,60,25.920430800834104,1438.7364833857016,1500.0,0,light,1500.0,0.19032694046870935
example_63,405.0,60,19.12067212189219,1593.671806824677,1691.7275164734729,1,current,,0.42500891182773526
example_63,405.0,60,20.0,1593.671806824677,1691.7275164734729,1,temperature_celsius,20.0,0.4777685845142038
example_63,405.0,60,19.12067212189219,500.0,1691.7275164734729,1,co2,500.0,0.9034903273135315
example_63,405.0,60,19.12067212189219,1593.671806824677,1500.0,1,light,1500.0,0.42500891182773526
example_64,359.0,60,22.14663721890989,1333.3900241554554,842.1559880484607,0,current,,0.4628436312973948
example_64,359.0,60,20.0,1333.3900241554554,842.1559880484607,0,temperature_celsius,20.0,0.5916418644319883
example_64,359.0,60,22.14663721890989,500.0,842.1559880484607,0,co2,500.0,0.8274517668654066
example_64,359.0,60,22.14663721890989,1333.3900241554554,1500.0,0,light,1500.0,0.4628436312973948
example_65,262.0,60,25.018984575423644,1939.476077559267,705.6821174372853,0,current,,0.02534014154240216
example_65,262.0,60,20.0,1939.476077559267,705.6821174372853,0,temperature_celsius,20.0,0.3264792160678208
example_65,262.0,60,25.018984575423644,500.0,705.6821174372853,0,co2,500.0,0.6551109254745814
example_65,262.0,60,25.018984575423644,1939.476077559267,1500.0,0,light,1500.0,0.02534014154240216
example_66,451.0,60,23.926148942033635,999.7929272379264,1176.852949684847,1,current,,0.5020216578113892
example_66,451.0,60,20.0,999.7929272379264,1176.852949684847,1,temperature_celsius,20.0,0.7375905943334072
example_66,451.0,60,23.926148942033635,500.0,1176.852949684847,1,co2,500.0,0.7206810634779819
example_66,451.0,60,23.926148942033635,999.7929272379264,1500.0,1,light,1500.0,0.5020216578113892
example_67,306.0,60,23.576125927962146,857.1393380509771,453.6636049545728,1,current,,0.5854339839249687
example_67,306.0,60,20.0,857.1393380509771,453.6636049545728,1,temperature_celsius,20.0,0.8000015396026975
example_67,306.0,60,23.576125927962146,500.0,453.6636049545728,1,co2,500.0,0.7416824443222713
example_67,306.0,60,23.576125927962146,857.1393380509771,1500.0,1,light,1500.0,0.5854339839249687
example_68,487.0,60,23.619872671896875,1789.7586051031365,1643.9545653572711,0,current,,0.17478824995356534
example_68,487.0,60,20.0,1789.7586051031365,1643.9545653572711,0,temperature_celsius,20.0,0.39198061026737785
example_68,487.0,60,23.619872671896875,500.0,1643.9545653572711,0,co2,500.0,0.7390576396861875
example_68,487.0,60,23.619872671896875,1789.7586051031365,1500.0,0,light,1500.0,0.17478824995356534
example_69,296.0,60,20.87592920975804,757.7533416311242,334.1911586235875,0,current,,0.7909271604509007
example_69,296.0,60,20.0,757.7533416311242,334.1911586235875,0,temperature_celsius,20.0,0.8434829130363832
example_69,296.0,60,20.87592920975804,500.0,334.1911586235875,0,co2,500.0,0.9036942474145175
example_69,296.0,60,20.87592920975804,757.7533416311242,1500.0,0,light,1500.0,0.7909271604509007
example_70,383.0,60,20.348734754115945,1941.156063104978,1976.396485880931,0,current,,0.3048201371446154
example_70,383.0,60,20.0,1941.156063104978,1976.396485880931,0,temperature_celsius,20.0,0.3257442223915721
example_70,383.0,60,20.348734754115945,500.0,1976.396485880931,0,co2,500.0,0.9353259147530433
example_70,383.0,60,20.348734754115945,1941.156063104978,1500.0,0,light,1500.0,0.3048201371446154
example_71,367.0,60,24.47488924382811,419.4471595037061,1590.0405847339837,0,current,,0.7229985130874421
example_71,367.0,60,20.0,419.4471595037061,1590.0405847339837,0,temperature_celsius,20.0,0.9914918677171286
example_71,367.0,60,24.47488924382811,500.0,1590.0405847339837,0,co2,500.0,0.6877566453703134
example_71,367.0,60,24.47488924382811,419.4471595037061,1500.0,0,light,1500.0,0.7229985130874421
example_72,596.0,60,24.48090715743345,1951.8061227322223,557.6882267615104,1,current,,0.05223039185864575
example_72,596.0,60,20.0,1951.8061227322223,557.6882267615104,1,temperature_celsius,20.0,0.32108482130465277
example_72,596.0,60,24.48090715743345,500.0,557.6882267615104,1,co2,500.0,0.687395570553993
example_72,596.0,60,24.48090715743345,1951.8061227322223,1500.0,1,light,1500.0,0.05223039185864575
example_73,482.0,60,24.93657854864083,469.0558591209218,209.9398108224844,1,current,,0.6735933487161467
example_73,482.0,60,20.0,469.0558591209218,209.9398108224844,1,temperature_celsius,20.0,0.9697880616345967
example_73,482.0,60,24.93657854864083,500.0,209.9398108224844,1,co2,500.0,0.6600552870815501
example_73,482.0,60,24.93657854864083,469.0558591209218,1500.0,1,light,1500.0,0.6735933487161467
example_74,392.0,60,25.30592442045177,1825.8289819169136,1667.8305712187014,1,current,,0.057844355184244134
example_74,392.0,60,20.0,1825.8289819169136,1667.8305712187014,1,temperature_celsius,20.0,0.37619982041135036
example_74,392.0,60,25.30592442045177,500.0,1667.8305712187014,1,co2,500.0,0.6378945347728937
example_74,392.0,60,25.30592442045177,1825.8289819169136,1500.0,1,light,1500.0,0.057844355184244134
example_75,466.0,60,22.090739190887504,1244.3217745380798,1472.3432189257107,1,current,,0.5051648721863399
example_75,466.0,60,20.0,1244.3217745380798,1472.3432189257107,1,temperature_celsius,20.0,0.6306092236395902
example_75,466.0,60,22.090739190887504,500.0,1472.3432189257107,1,co2,500.0,0.8308056485467498
example_75,466.0,60,22.090739190887504,1244.3217745380798,1500.0,1,light,1500.0,0.5051648721863399
example_76,334.0,60,22.0121303574976,1988.7436737908808,1512.2129024737771,1,current,,0.18419682126663361
example_76,334.0,60,20.0,1988.7436737908808,1512.2129024737771,1,temperature_celsius,20.0,0.30492464271648967
example_76,334.0,60,22.0121303574976,500.0,1512.2129024737771,1,co2,500.0,0.835522178550144
example_76,334.0,60,22.0121303574976,1988.7436737908808,1500.0,1,light,1500.0,0.18419682126663361
example_77,571.0,60,24.3863614317342,518.0745035766382,1588.2866240347023,1,current,,0.6851607187811688
example_77,571.0,60,20.0,518.0745035766382,1588.2866240347023,1,temperature_celsius,20.0,0.9483424046852208
example_77,571.0,60,24.3863614317342,500.0,1588.2866240347023,1,co2,500.0,0.6930683140959479
example_77,571.0,60,24.3863614317342,518.0745035766382,1500.0,1,light,1500.0,0.6851607187811688
example_78,582.0,60,23.19971144622212,1286.1668550421132,333.2803731213627,1,current,,0.4203193141457482
example_78,582.0,60,20.0,1286.1668550421132,333.2803731213627,1,temperature_celsius,20.0,0.6123020009190755
example_78,582.0,60,23.19971144622212,500.0,333.2803731213627,1,co2,500.0,0.7642673132266727
example_78,582.0,60,23.19971144622212,1286.1668550421132,1500.0,1,light,1500.0,0.4203193141457482
example_79,471.0,60,23.615735018061628,1950.8840569905583,845.2383113796907,0,current,,0.10454412398293311
example_79,471.0,60,20.0,1950.8840569905583,845.2383113796907,0,temperature_celsius,20.0,0.3214882250666308
example_79,471.0,60,23.615735018061628,500.0,845.2383113796907,0,co2,500.0,0.7393058989163024
example_79,471.0,60,23.615735018061628,1950.8840569905583,1500.0,0,light,1500.0,0.10454412398293311
example_80,533.0,60,24.366341355488807,1236.956550672238,408.5643071452335,1,current,,0.3718510277515674
example_80,533.0,60,20.0,1236.956550672238,408.5643071452335,1,temperature_celsius,20.0,0.6338315090808959
example_80,533.0,60,24.366341355488807,500.0,408.5643071452335,1,co2,500.0,0.6942695186706715
example_80,533.0,60,24.366341355488807,1236.956550672238,1500.0,1,light,1500.0,0.3718510277515674
example_81,493.0,60,25.12004273454053,1407.03782101642,1753.5861665760683,0,current,,0.25221838923288453
example_81,493.0,60,20.0,1407.03782101642,1753.5861665760683,0,temperature_celsius,20.0,0.5594209533053163
example_81,493.0,60,25.12004273454053,500.0,1753.5861665760683,0,co2,500.0,0.6490474359275682
example_81,493.0,60,25.12004273454053,1407.03782101642,1500.0,0,light,1500.0,0.25221838923288453
example_82,306.0,60,20.703961254812285,1513.1979023753877,1321.9366282896042,0,current,,0.4707382424220309
example_82,306.0,60,20.0,1513.1979023753877,1321.9366282896042,0,temperature_celsius,20.0,0.512975917710768
example_82,306.0,60,20.703961254812285,500.0,1321.9366282896042,0,co2,500.0,0.9140123247112629
example_82,306.0,60,20.703961254812285,1513.1979023753877,1500.0,0,light,1500.0,0.4707382424220309
example_83,306.0,60,21.00466362111955,1127.2657036284372,795.6164447347685,1,current,,0.6215414373953856
example_83,306.0,60,20.0,1127.2657036284372,795.6164447347685,1,temperature_celsius,20.0,0.6818212546625587
example_83,306.0,60,21.00466362111955,500.0,795.6164447347685,1,co2,500.0,0.8959701827328269
example_83,306.0,60,21.00466362111955,1127.2657036284372,1500.0,1,light,1500.0,0.6215414373953856
example_84,262.0,60,18.751855518726952,1404.0929281345016,314.40503051484257,1,current,,0.4858206750647728
example_84,262.0,60,20.0,1404.0929281345016,314.40503051484257,1,temperature_celsius,20.0,0.5607093439411557
example_84,262.0,60,18.751855518726952,500.0,314.40503051484257,1,co2,500.0,0.8813613311236171
example_84,262.0,60,18.751855518726952,1404.0929281345016,1500.0,1,light,1500.0,0.4858206750647728
example_85,498.00000000000006,60,22.6262411279694,1334.9028990769602,759.7681790881919,1,current,,0.43340551397566585
example_85,498.00000000000006,60,20.0,1334.9028990769602,759.7681790881919,1,temperature_celsius,20.0,0.5909799816538299
example_85,498.00000000000006,60,22.6262411279694,500.0,759.7681790881919,1,co2,500.0,0.798675532321836
example_85,498.00000000000006,60,22.6262411279694,1334.9028990769602,1500.0,1,light,1500.0,0.43340551397566585
example_86,498.00000000000006,60,18.287538190373937,1841.8528167855825,785.3299796481447,1,current,,0.2664416840787439
example_86,498.00000000000006,60,20.0,1841.8528167855825,785.3299796481447,1,temperature_celsius,20.0,0.3691893926563077
example_86,498.00000000000006,60,18.287538190373937,500.0,785.3299796481447,1,co2,500.0,0.8535022914224362
example_86,498.00000000000006,60,18.287538190373937,1841.8528167855825,1500.0,1,light,1500.0,0.2664416840787439
example_87,448.0,60,21.72478414505968,472.7142085463326,1513.2911210085151,0,current,,0.8647004850573987
example_87,448.0,60,20.0,472.7142085463326,1513.2911210085151,0,temperature_celsius,20.0,0.9681875337609795
example_87,448.0,60,21.72478414505968,500.0,1513.2911210085151,0,co2,500.0,0.8527629512964192
example_87,448.0,60,21.72478414505968,472.7142085463326,1500.0,0,light,1500.0,0.8647004850573987
example_88,437.0,60,22.34115707766061,849.5411033475685,1347.6034484393836,1,current,,0.6628563426258021
example_88,437.0,60,20.0,849.5411033475685,1347.6034484393836,1,temperature_celsius,20.0,0.8033257672854388
example_88,437.0,60,22.34115707766061,500.0,1347.6034484393836,1,co2,500.0,0.8157805753403633
example_88,437.0,60,22.34115707766061,849.5411033475685,1500.0,1,light,1500.0,0.6628563426258021
example_89,300.0,60,20.29233001702628,1920.658374522494,1796.982936637388,1,current,,0.31717216012483207
example_89,300.0,60,20.0,1920.658374522494,1796.982936637388,1,temperature_celsius,20.0,0.3347119611464089
example_89,300.0,60,20.29233001702628,500.0,1796.982936637388,1,co2,500.0,0.9387101989784232
example_89,300.0,60,20.29233001702628,1920.658374522494,1500.0,1,light,1500.0,0.31717216012483207
example_90,499.0,60,22.72666608455209,1824.422054225466,1049.9868652915088,1,current,,0.21321538620323333
example_90,499.0,60,20.0,1824.422054225466,1049.9868652915088,1,temperature_celsius,20.0,0.3768153512763587
example_90,499.0,60,22.72666608455209,500.0,1049.9868652915088,1,co2,500.0,0.7926500349268746
example_90,499.0,60,22.72666608455209,1824.422054225466,1500.0,1,light,1500.0,0.21321538620323333
example_91,401.0,60,18.244001999512395,1129.0508044571409,415.2696426889431,0,current,,0.5756803930207446
example_91,401.0,60,20.0,1129.0508044571409,415.2696426889431,0,temperature_celsius,20.0,0.6810402730500009
example_91,401.0,60,18.244001999512395,500.0,415.2696426889431,0,co2,500.0,0.8508901199707437
example_91,401.0,60,18.244001999512395,1129.0508044571409,1500.0,0,light,1500.0,0.5756803930207446
example_92,302.0,60,18.29878550999372,1392.2121564824588,1483.840617001391,0,current,,0.46383431213854753
example_92,302.0,60,20.0,1392.2121564824588,1483.840617001391,0,temperature_celsius,20.0,0.5659071815389243
example_92,302.0,60,18.29878550999372,500.0,1483.840617001391,0,co2,500.0,0.8541771305996233
example_92,302.0,60,18.29878550999372,1392.2121564824588,1500.0,0,light,1500.0,0.46383431213854753
example_93,439.0,60,24.580804485277262,843.8098927698122,1569.4130875104154,0,current,,0.5309849027965714
example_93,439.0,60,20.0,843.8098927698122,1569.4130875104154,0,temperature_celsius,20.0,0.8058331719132071
example_93,439.0,60,24.580804485277262,500.0,1569.4130875104154,0,co2,500.0,0.6814017308833642
example_93,439.0,60,24.580804485277262,843.8098927698122,1500.0,0,light,1500.0,0.5309849027965714
example_94,516.0,60,20.881525131290104,700.9938555580181,1210.2989556250932,1,current,,0.8154236803159608
example_94,516.0,60,20.0,700.9938555580181,1210.2989556250932,1,temperature_celsius,20.0,0.8683151881933671
example_94,516.0,60,20.881525131290104,500.0,1210.2989556250932,1,co2,500.0,0.9033584921225938
example_94,516.0,60,20.881525131290104,700.9938555580181,1500.0,1,light,1500.0,0.8154236803159608
example_95,569.0,60,19.01648410121508,1141.9174479039716,1587.7409239182098,0,current,,0.6164001626149173
example_95,569.0,60,20.0,1141.9174479039716,1587.7409239182098,0,temperature_celsius,20.0,0.6754111165420125
example_95,569.0,60,19.01648410121508,500.0,1587.7409239182098,0,co2,500.0,0.8972390460729048
example_95,569.0,60,19.01648410121508,1141.9174479039716,1500.0,0,light,1500.0,0.6164001626149173
example_96,273.0,60,22.177946080438435,965.3635648416844,1088.8320734559034,0,current,,0.621976675555457
example_96,273.0,60,20.0,965.3635648416844,1088.8320734559034,0,temperature_celsius,20.0,0.7526534403817631
example_96,273.0,60,22.177946080438435,500.0,1088.8320734559034,0,co2,500.0,0.825573235173694
example_96,273.0,60,22.177946080438435,965.3635648416844,1500.0,0,light,1500.0,0.621976675555457
example_97,523.0,60,24.159948424788887,1333.8497789613953,1140.9190928875892,0,current,,0.3418438162170563
example_97,523.0,60,20.0,1333.8497789613953,1140.9190928875892,0,temperature_celsius,20.0,0.5914407217043895
example_97,523.0,60,24.159948424788887,500.0,1140.9190928875892,0,co2,500.0,0.7066530945126668
example_97,523.0,60,24.159948424788887,1333.8497789613953,1500.0,0,light,1500.0,0.3418438162170563
example_98,411.0,60,19.726568219974745,524.3754191439757,969.5738330453892,0,current,,0.9291798473229953
example_98,411.0,60,20.0,524.3754191439757,969.5738330453892,0,temperature_celsius,20.0,0.9455857541245106
example_98,411.0,60,19.726568219974745,500.0,969.5738330453892,0,co2,500.0,0.9398440931984847
example_98,411.0,60,19.726568219974745,524.3754191439757,1500.0,0,light,1500.0,0.9291798473229953
example_99,321.0,60,22.983123806552,1959.0316922658665,245.75442813937133,1,current,,0.13893620624056335
example_99,321.0,60,20.0,1959.0316922658665,245.75442813937133,1,temperature_celsius,20.0,0.31792363463368345
example_99,321.0,60,22.983123806552,500.0,245.75442813937133,1,co2,500.0,0.77726257160688
example_99,321.0,60,22.983123806552,1959.0316922658665,1500.0,1,light,1500.0,0.13893620624056335
example_100,443.0,60,18.682779719950144,1977.9371911673643,394.204568587948,0,current,,0.2306192620612868
example_100,443.0,60,20.0,1977.9371911673643,394.204568587948,0,temperature_celsius,20.0,0.30965247886427816
example_100,443.0,60,18.682779719950144,500.0,394.204568587948,0,co2,500.0,0.8772167831970086
example_100,443.0,60,18.682779719950144,1977.9371911673643,1500.0,0,light,1500.0,0.2306192620612868
example_101,249.00000000000003,60,18.413453769348862,1517.0587424315922,256.57253423612167,0,current,,0.41609402634711024
example_101,249.00000000000003,60,20.0,1517.0587424315922,256.57253423612167,0,temperature_celsius,20.0,0.5112868001861784
example_101,249.00000000000003,60,18.413453769348862,500.0,256.57253423612167,0,co2,500.0,0.8610572261609317
example_101,249.00000000000003,60,18.413453769348862,1517.0587424315922,1500.0,0,light,1500.0,0.41609402634711024
example_102,595.0,60,22.250837052545183,1257.754186150593,1345.5387402748047,1,current,,0.4896823204064047
example_102,595.0,60,20.0,1257.754186150593,1345.5387402748047,1,temperature_celsius,20.0,0.6247325435591157
example_102,595.0,60,22.250837052545183,500.0,1345.5387402748047,1,co2,500.0,0.821199776847289
example_102,595.0,60,22.250837052545183,1257.754186150593,1500.0,1,light,1500.0,0.4896823204064047
example_103,405.0,60,22.32508097288085,895.2441860581243,765.840765937388,0,current,,0.6438258102267196
example_103,405.0,60,20.0,895.2441860581243,765.840765937388,0,temperature_celsius,20.0,0.7833306685995707
example_103,405.0,60,22.32508097288085,500.0,765.840765937388,0,co2,500.0,0.816745141627149
example_103,405.0,60,22.32508097288085,895.2441860581243,1500.0,0,light,1500.0,0.6438258102267196
example_104,289.0,60,23.09943921198565,1702.0720315311178,1115.427244096465,0,current,,0.244377133485997
example_104,289.0,60,20.0,1702.0720315311178,1115.427244096465,0,temperature_celsius,20.0,0.43034348620513607
example_104,289.0,60,23.09943921198565,500.0,1115.427244096465,0,co2,500.0,0.770283647280861
example_104,289.0,60,23.09943921198565,1702.0720315311178,1500.0,0,light,1500.0,0.244377133485997
example_105,376.0,60,23.80873066978129,1495.569876086207,1833.619653066968,1,current,,0.29216433902540695
example_105,376.0,60,20.0,1495.569876086207,1833.619653066968,1,temperature_celsius,20.0,0.5206881792122844
example_105,376.0,60,23.80873066978129,500.0,1833.619653066968,1,co2,500.0,0.7277261598131226
example_105,376.0,60,23.80873066978129,1495.569876086207,1500.0,1,light,1500.0,0.29216433902540695
example_106,548.0,60,25.80681663570028,660.1871029518261,648.7260124679749,0,current,,0.5377591443165594
example_106,548.0,60,20.0,660.1871029518261,648.7260124679749,0,temperature_celsius,20.0,0.8861681424585761
example_106,548.0,60,25.80681663570028,500.0,648.7260124679749,0,co2,500.0,0.6078410018579832
example_106,548.0,60,25.80681663570028,660.1871029518261,1500.0,0,light,1500.0,0.5377591443165594
example_107,344.0,60,22.13040278640956,1857.483495190148,938.6892614641336,0,current,,0.23452680366973666
example_107,344.0,60,20.0,1857.483495190148,938.6892614641336,0,temperature_celsius,20.0,0.36235097085431034
example_107,344.0,60,22.13040278640956,500.0,938.6892614641336,0,co2,500.0,0.8284258328154264
example_107,344.0,60,22.13040278640956,1857.483495190148,1500.0,0,light,1500.0,0.23452680366973666
example_108,278.0,60,20.58365178352997,1716.0595886770705,1559.9920493774875,0,current,,0.38920482294198355
example_108,278.0,60,20.0,1716.0595886770705,1559.9920493774875,0,temperature_celsius,20.0,0.4242239299537818
example_108,278.0,60,20.58365178352997,500.0,1559.9920493774875,0,co2,500.0,0.9212308929882018
example_108,278.0,60,20.58365178352997,1716.0595886770705,1500.0,0,light,1500.0,0.38920482294198355
example_109,293.0,60,24.36148955814963,1919.6798612670784,611.8366978849205,1,current,,0.07345068720667547
example_109,293.0,60,20.0,1919.6798612670784,611.8366978849205,1,temperature_celsius,20.0,0.33514006069565316
example_109,293.0,60,24.36148955814963,500.0,611.8366978849205,1,co2,500.0,0.6945606265110222
example_109,293.0,60,24.36148955814963,1919.6798612670784,1500.0,1,light,1500.0,0.07345068720667547
example_110,582.0,60,20.1666580100966,1561.151213421376,338.5638376918274,0,current,,0.48199686352235194
example_110,582.0,60,20.0,1561.151213421376,338.5638376918274,0,temperature_celsius,20.0,0.49199634412814797
example_110,582.0,60,20.1666580100966,500.0,338.5638376918274,0,co2,500.0,0.9462505193942039
example_110,582.0,60,20.1666580100966,1561.151213421376,1500.0,0,light,1500.0,0.48199686352235194
example_111,543.0,60,21.51177136564509,1381.464313497264,721.5526152447825,1,current,,0.4799030809062418
example_111,543.0,60,20.0,1381.464313497264,721.5526152447825,1,temperature_celsius,20.0,0.5706093628449471
example_111,543.0,60,21.51177136564509,500.0,721.5526152447825,1,co2,500.0,0.8655437180612947
example_111,543.0,60,21.51177136564509,1381.464313497264,1500.0,1,light,1500.0,0.4799030809062418
example_112,357.0,60,18.627651050738127,1069.1888580649902,490.19831705720793,0,current,,0.6248889376408544
example_112,357.0,60,20.0,1069.1888580649902,490.19831705720793,0,temperature_celsius,20.0,0.7072298745965668
example_112,357.0,60,18.627651050738127,500.0,490.19831705720793,0,co2,500.0,0.8739090630442876
example_112,357.0,60,18.627651050738127,1069.1888580649902,1500.0,0,light,1500.0,0.6248889376408544
example_113,524.0,60,18.20280594732366,1892.365573366421,1873.455774216632,1,current,,0.23925841849161056
example_113,524.0,60,20.0,1892.365573366421,1873.455774216632,1,temperature_celsius,20.0,0.3470900616521909
example_113,524.0,60,18.20280594732366,500.0,1873.455774216632,1,co2,500.0,0.8484183568394197
example_113,524.0,60,18.20280594732366,1892.365573366421,1500.0,1,light,1500.0,0.23925841849161056
example_114,322.0,60,25.7011873174234,1785.7022232006534,1654.6166832159506,0,current,,0.05168403830431012
example_114,322.0,60,20.0,1785.7022232006534,1654.6166832159506,0,temperature_celsius,20.0,0.39375527734971416
example_114,322.0,60,25.7011873174234,500.0,1654.6166832159506,0,co2,500.0,0.6141787609545959
example_114,322.0,60,25.7011873174234,1785.7022232006534,1500.0,0,light,1500.0,0.05168403830431012
example_115,490.0,60,24.68784096409765,472.3498721699031,1340.1267617187625,0,current,,0.6870764730798085
example_115,490.0,60,20.0,472.3498721699031,1340.1267617187625,0,temperature_celsius,20.0,0.9683469309256674
example_115,490.0,60,24.68784096409765,500.0,1340.1267617187625,0,co2,500.0,0.674979542154141
example_115,490.0,60,24.68784096409765,472.3498721699031,1500.0,0,light,1500.0,0.6870764730798085
example_116,556.9999999999999,60,23.567793648749586,442.1871591956032,1768.6290623378918,0,current,,0.7674754989269486
example_116,556.9999999999999,60,20.0,442.1871591956032,1768.6290623378918,0,temperature_celsius,20.0,0.9815431178519236
example_116,556.9999999999999,60,23.567793648749586,500.0,1768.6290623378918,0,co2,500.0,0.7421823810750249
example_116,556.9999999999999,60,23.567793648749586,442.1871591956032,1500.0,0,light,1500.0,0.7674754989269486
example_117,521.0,60,21.27162355531416,1002.3413870048794,1646.609738418406,0,current,,0.6601782298665156
example_117,521.0,60,20.0,1002.3413870048794,1646.609738418406,0,temperature_celsius,20.0,0.7364756431853653
example_117,521.0,60,21.27162355531416,500.0,1646.609738418406,0,co2,500.0,0.8799525866811504
example_117,521.0,60,21.27162355531416,1002.3413870048794,1500.0,0,light,1500.0,0.6601782298665156
example_118,460.0,60,19.386354560566765,1696.8853292509327,535.8261059948645,0,current,,0.3957939420867229
example_118,460.0,60,20.0,1696.8853292509327,535.8261059948645,0,temperature_celsius,20.0,0.43261266845271695
example_118,460.0,60,19.386354560566765,500.0,535.8261059948645,0,co2,500.0,0.9194312736340059
example_118,460.0,60,19.386354560566765,1696.8853292509327,1500.0,0,light,1500.0,0.3957939420867229
example_119,573.0,60,19.25149634136869,1979.6418069039112,1806.60619728196,0,current,,0.26399648996166025
example_119,573.0,60,20.0,1979.6418069039112,1806.60619728196,0,temperature_celsius,20.0,0.3089067094795389
example_119,573.0,60,19.25149634136869,500.0,1806.60619728196,0,co2,500.0,0.9113397804821214
example_119,573.0,60,19.25149634136869,1979.6418069039112,1500.0,0,light,1500.0,0.26399648996166025
example_120,276.0,60,20.00194318531676,640.6670257656451,1170.8160354481713,1,current,,0.8945915851085245
example_120,276.0,60,20.0,640.6670257656451,1170.8160354481713,1,temperature_celsius,20.0,0.8947081762275303
example_120,276.0,60,20.00194318531676,500.0,1170.8160354481713,1,co2,500.0,0.9561334088809943
example_120,276.0,60,20.00194318531676,640.6670257656451,1500.0,1,light,1500.0,0.8945915851085245
example_121,277.0,60,22.393813317648963,1350.609144563416,1653.3922792953126,0,current,,0.4404797001945677
example_121,277.0,60,20.0,1350.609144563416,1653.3922792953126,0,temperature_celsius,20.0,0.5841084992535055
example_121,277.0,60,22.393813317648963,500.0,1653.3922792953126,0,co2,500.0,0.8126212009410623
example_121,277.0,60,22.393813317648963,1350.609144563416,1500.0,0,light,1500.0,0.4404797001945677
example_122,311.0,60,23.71676738160049,1009.4253706096345,1812.964339862288,1,current,,0.5103703574622555
example_122,311.0,60,20.0,1009.4253706096345,1812.964339862288,1,temperature_celsius,20.0,0.733376400358285
example_122,311.0,60,23.71676738160049,500.0,1812.964339862288,1,co2,500.0,0.7332439571039706
example_122,311.0,60,23.71676738160049,1009.4253706096345,1500.0,1,light,1500.0,0.5103703574622555
example_123,521.0,60,23.28157901374185,1951.863036503365,772.406254949355,0,current,,0.12416518070526672
example_123,521.0,60,20.0,1951.863036503365,772.406254949355,0,temperature_celsius,20.0,0.3210599215297778
example_123,521.0,60,23.28157901374185,500.0,772.406254949355,0,co2,500.0,0.759355259175489
example_123,521.0,60,23.28157901374185,1951.863036503365,1500.0,0,light,1500.0,0.12416518070526672
example_124,560.0,60,20.239471175567544,1747.390277017134,398.09346414981815,1,current,,0.3961484832709513
example_124,560.0,60,20.0,1747.390277017134,398.09346414981815,1,temperature_celsius,20.0,0.41051675380500396
example_124,560.0,60,20.239471175567544,500.0,398.09346414981815,1,co2,500.0,0.9418817294659474
example_124,560.0,60,20.239471175567544,1747.390277017134,1500.0,1,light,1500.0,0.3961484832709513
example_125,416.0,60,25.63892224530555,1741.3259275378205,610.283292575495,1,current,,0.07483457198387056
example_125,416.0,60,20.0,1741.3259275378205,610.283292575495,1,temperature_celsius,20.0,0.41316990670220366
example_125,416.0,60,25.63892224530555,500.0,610.283292575495,1,co2,500.0,0.6179146652816669
example_125,416.0,60,25.63892224530555,1741.3259275378205,1500.0,1,light,1500.0,0.07483457198387056
example_126,566.0,60,23.903175333566143,1149.9090556719525,968.7940195272614,0,current,,0.43772426812955223
example_126,566.0,60,20.0,1149.9090556719525,968.7940195272614,0,temperature_celsius,20.0,0.6719147881435208
example_126,566.0,60,23.903175333566143,500.0,968.7940195272614,0,co2,500.0,0.7220594799860314
example_126,566.0,60,23.903175333566143,1149.9090556719525,1500.0,0,light,1500.0,0.43772426812955223
example_127,311.0,60,22.434832420091205,1063.7112037402644,1672.4265786604876,0,current,,0.5635364031581621
example_127,311.0,60,20.0,1063.7112037402644,1672.4265786604876,0,temperature_celsius,20.0,0.7096263483636344
example_127,311.0,60,22.434832420091205,500.0,1672.4265786604876,0,co2,500.0,0.8101600547945278
example_127,311.0,60,22.434832420091205,1063.7112037402644,1500.0,0,light,1500.0,0.5635364031581621
example_128,536.0,60,22.893765969874817,837.45131508913,1749.3150498614182,1,current,,0.6349890914560166
example_128,536.0,60,20.0,837.45131508913,1749.3150498614182,1,temperature_celsius,20.0,0.8086150496485056
example_128,536.0,60,22.893765969874817,500.0,1749.3150498614182,1,co2,500.0,0.782624041807511
example_128,536.0,60,22.893765969874817,837.45131508913,1500.0,1,light,1500.0,0.6349890914560166
example_129,486.0,60,21.35680049942232,490.2007946414834,212.51383495614328,0,current,,0.8791291223790119
example_129,486.0,60,20.0,490.2007946414834,212.51383495614328,0,temperature_celsius,20.0,0.960537152344351
example_129,486.0,60,21.35680049942232,500.0,212.51383495614328,0,co2,500.0,0.8748419700346608
example_129,486.0,60,21.35680049942232,490.2007946414834,1500.0,0,light,1500.0,0.8791291223790119
example_130,344.0,60,19.98184791600925,1783.555802008085,1119.3451446396184,0,current,,0.393605211582018
example_130,344.0,60,20.0,1783.555802008085,1119.3451446396184,0,temperature_celsius,20.0,0.3946943366214629
example_130,344.0,60,19.98184791600925,500.0,1119.3451446396184,0,co2,500.0,0.955160874960555
example_130,344.0,60,19.98184791600925,1783.555802008085,1500.0,0,light,1500.0,0.393605211582018
example_131,265.0,60,20.84778142921009,1700.6416146081242,951.3398056678022,0,current,,0.3801024078563402
example_131,265.0,60,20.0,1700.6416146081242,951.3398056678022,0,temperature_celsius,20.0,0.43096929360894565
example_131,265.0,60,20.84778142921009,500.0,951.3398056678022,0,co2,500.0,0.9053831142473946
example_131,265.0,60,20.84778142921009,1700.6416146081242,1500.0,0,light,1500.0,0.3801024078563402
example_132,507.0,60,24.062768883714952,1999.5482772578089,599.7940588473144,1,current,,0.056431495676811494
example_132,507.0,60,20.0,1999.5482772578089,599.7940588473144,1,temperature_celsius,20.0,0.3001976286997087
example_132,507.0,60,24.062768883714952,500.0,599.7940588473144,1,co2,500.0,0.7124838669771029
example_132,507.0,60,24.062768883714952,1999.5482772578089,1500.0,1,light,1500.0,0.056431495676811494
example_133,597.0,60,18.115147909038047,1994.6189393182483,415.75766120062906,0,current,,0.1892630885905493
example_133,597.0,60,20.0,1994.6189393182483,415.75766120062906,0,temperature_celsius,20.0,0.30235421404826646
example_133,597.0,60,18.115147909038047,500.0,415.75766120062906,0,co2,500.0,0.8431588745422829
example_133,597.0,60,18.115147909038047,1994.6189393182483,1500.0,0,light,1500.0,0.1892630885905493
example_134,541.0,60,18.92858112405533,1288.690728964204,807.7073085265304,0,current,,0.5469126735214805
example_134,541.0,60,20.0,1288.690728964204,807.7073085265304,0,temperature_celsius,20.0,0.6111978060781607
example_134,541.0,60,18.92858112405533,500.0,807.7073085265304,0,co2,500.0,0.8919648674433198
example_134,541.0,60,18.92858112405533,1288.690728964204,1500.0,0,light,1500.0,0.5469126735214805
example_135,473.0,60,18.368021136174026,1630.3798642888169,1897.2374670425345,0,current,,0.3637900775440842
example_135,473.0,60,20.0,1630.3798642888169,1897.2374670425345,0,temperature_celsius,20.0,0.46170880937364267
example_135,473.0,60,18.368021136174026,500.0,1897.2374670425345,0,co2,500.0,0.8583312681704416
example_135,473.0,60,18.368021136174026,1630.3798642888169,1500.0,0,light,1500.0,0.3637900775440842
example_136,360.0,60,18.32583041855176,1911.625167811885,781.7652776373594,0,current,,0.238213814195406
example_136,360.0,60,20.0,1911.625167811885,781.7652776373594,0,temperature_celsius,20.0,0.33866398908230033
example_136,360.0,60,18.32583041855176,500.0,781.7652776373594,0,co2,500.0,0.8557998251131056
example_136,360.0,60,18.32583041855176,1911.625167811885,1500.0,0,light,1500.0,0.238213814195406
example_137,412.0,60,24.84368467208806,1759.4358250838584,1133.823119138059,0,current,,0.11462574620052846
example_137,412.0,60,20.0,1759.4358250838584,1133.823119138059,0,temperature_celsius,20.0,0.405246826525812
example_137,412.0,60,24.84368467208806,500.0,1133.823119138059,0,co2,500.0,0.6656289196747165
example_137,412.0,60,24.84368467208806,1759.4358250838584,1500.0,0,light,1500.0,0.11462574620052846
example_138,470.0,60,23.62926287504019,795.7569627891162,1465.43412601132,1,current,,0.6091005562773503
example_138,470.0,60,20.0,795.7569627891162,1465.43412601132,1,temperature_celsius,20.0,0.8268563287797617
example_138,470.0,60,23.62926287504019,500.0,1465.43412601132,1,co2,500.0,0.7384942274975885
example_138,470.0,60,23.62926287504019,795.7569627891162,1500.0,1,light,1500.0,0.6091005562773503
example_139,328.0,60,21.793390632698603,1120.8706164961495,854.5332842827291,1,current,,0.5770156673210184
example_139,328.0,60,20.0,1120.8706164961495,854.5332842827291,1,temperature_celsius,20.0,0.6846191052829346
example_139,328.0,60,21.793390632698603,500.0,854.5332842827291,1,co2,500.0,0.8486465620380839
example_139,328.0,60,21.793390632698603,1120.8706164961495,1500.0,1,light,1500.0,0.5770156673210184
example_140,490.0,60,18.782673285208013,606.655064242392,1949.2077488977293,1,current,,0.8365488065064343
example_140,490.0,60,20.0,606.655064242392,1949.2077488977293,1,temperature_celsius,20.0,0.9095884093939535
example_140,490.0,60,18.782673285208013,500.0,1949.2077488977293,1,co2,500.0,0.8832103971124807
example_140,490.0,60,18.782673285208013,606.655064242392,1500.0,1,light,1500.0,0.8365488065064343
example_141,395.0,60,21.93292700093465,1926.481643613956,1932.4051308958003,1,current,,0.21618866086281519
example_141,395.0,60,20.0,1926.481643613956,1932.4051308958003,1,temperature_celsius,20.0,0.3321642809188943
example_141,395.0,60,21.93292700093465,500.0,1932.4051308958003,1,co2,500.0,0.840274379943921
example_141,395.0,60,21.93292700093465,1926.481643613956,1500.0,1,light,1500.0,0.21618866086281519
example_142,298.0,60,21.787774166244525,1369.879415121408,653.2081324856555,1,current,,0.46841130590971247
example_142,298.0,60,20.0,1369.879415121408,653.2081324856555,1,temperature_celsius,20.0,0.575677755884384
example_142,298.0,60,21.787774166244525,500.0,653.2081324856555,1,co2,500.0,0.8489835500253285
example_142,298.0,60,21.787774166244525,1369.879415121408,1500.0,1,light,1500.0,0.46841130590971247
example_143,413.0,60,19.38561495928012,765.8284888055404,1095.0473106062936,0,current,,0.8030869337043832
example_143,413.0,60,20.0,765.8284888055404,1095.0473106062936,0,temperature_celsius,20.0,0.8399500361475761
example_143,413.0,60,19.38561495928012,500.0,1095.0473106062936,0,co2,500.0,0.9193868975568071
example_143,413.0,60,19.38561495928012,765.8284888055404,1500.0,0,light,1500.0,0.8030869337043832
example_144,354.0,60,21.470813193903783,1474.721095049371,741.5809576701854,1,current,,0.4415607292816732
example_144,354.0,60,20.0,1474.721095049371,741.5809576701854,1,temperature_celsius,20.0,0.5298095209159002
example_144,354.0,60,21.470813193903783,500.0,741.5809576701854,1,co2,500.0,0.868001208365773
example_144,354.0,60,21.470813193903783,1474.721095049371,1500.0,1,light,1500.0,0.4415607292816732
example_145,561.0,60,21.18803787517899,1389.005184732633,712.7128898794417,0,current,,0.49602795916873377
example_145,561.0,60,20.0,1389.005184732633,712.7128898794417,0,temperature_celsius,20.0,0.567310231679473
example_145,561.0,60,21.18803787517899,500.0,712.7128898794417,0,co2,500.0,0.8849677274892607
example_145,561.0,60,21.18803787517899,1389.005184732633,1500.0,0,light,1500.0,0.49602795916873377
example_146,535.0,60,22.926800784417733,973.0603488525448,266.396505238159,1,current,,0.5736780503119476
example_146,535.0,60,20.0,973.0603488525448,266.396505238159,1,temperature_celsius,20.0,0.7492860973770117
example_146,535.0,60,22.926800784417733,500.0,266.396505238159,1,co2,500.0,0.780641952934936
example_146,535.0,60,22.926800784417733,973.0603488525448,1500.0,1,light,1500.0,0.5736780503119476
example_147,297.0,60,23.08074920694115,581.6921475194065,1297.2158011638144,0,current,,0.7356647330437907
example_147,297.0,60,20.0,581.6921475194065,1297.2158011638144,0,temperature_celsius,20.0,0.9205096854602597
example_147,297.0,60,23.08074920694115,500.0,1297.2158011638144,0,co2,500.0,0.771405047583531
example_147,297.0,60,23.08074920694115,581.6921475194065,1500.0,0,light,1500.0,0.7356647330437907
example_148,466.0,60,18.362432078176354,1474.5171129484793,1104.8222418119508,0,current,,0.4316446877756216
example_148,466.0,60,20.0,1474.5171129484793,1104.8222418119508,0,temperature_celsius,20.0,0.5298987630850402
example_148,466.0,60,18.362432078176354,500.0,1104.8222418119508,0,co2,500.0,0.8579959246905813
example_148,466.0,60,18.362432078176354,1474.5171129484793,1500.0,0,light,1500.0,0.4316446877756216
example_149,438.0,60,20.99690091701177,1232.4923214460691,292.66175224998085,1,current,,0.5759705543466385
example_149,438.0,60,20.0,1232.4923214460691,292.66175224998085,1,temperature_celsius,20.0,0.6357846093673447
example_149,438.0,60,20.99690091701177,500.0,292.66175224998085,1,co2,500.0,0.8964359449792937
example_149,438.0,60,20.99690091701177,1232.4923214460691,1500.0,1,light,1500.0,0.5759705543466385
example_150,411.0,60,23.00687932571389,1635.7094267770228,701.5636356259006,1,current,,0.2789643662422192
example_150,411.0,60,20.0,1635.7094267770228,701.5636356259006,1,temperature_celsius,20.0,0.4593771257850525
example_150,411.0,60,23.00687932571389,500.0,701.5636356259006,1,co2,500.0,0.7758372404571667
example_150,411.0,60,23.00687932571389,1635.7094267770228,1500.0,1,light,1500.0,0.2789643662422192
example_151,376.0,60,22.0250900686407,1232.2616017791893,1834.8785947399767,0,current,,0.5143801451031627
example_151,376.0,60,20.0,1232.2616017791893,1834.8785947399767,0,temperature_celsius,20.0,0.6358855492216047
example_151,376.0,60,22.0250900686407,500.0,1834.8785947399767,0,co2,500.0,0.834744595881558
example_151,376.0,60,22.0250900686407,1232.2616017791893,1500.0,0,light,1500.0,0.5143801451031627
example_152,598.0000000000001,60,24.85191872950658,1763.490400509664,631.2114032005504,1,current,,0.11235782600662736
example_152,598.0000000000001,60,20.0,1763.490400509664,631.2114032005504,1,temperature_celsius,20.0,0.4034729497770221
example_152,598.0000000000001,60,24.85191872950658,500.0,631.2114032005504,1,co2,500.0,0.6651348762296052
example_152,598.0000000000001,60,24.85191872950658,1763.490400509664,1500.0,1,light,1500.0,0.11235782600662736
example_153,522.0,60,23.26954905295156,1283.0509420391768,460.8107697642016,0,current,,0.41749226968076647
example_153,522.0,60,20.0,1283.0509420391768,460.8107697642016,0,temperature_celsius,20.0,0.6136652128578601
example_153,522.0,60,23.26954905295156,500.0,460.8107697642016,0,co2,500.0,0.7600770568229064
example_153,522.0,60,23.26954905295156,1283.0509420391768,1500.0,0,light,1500.0,0.41749226968076647
example_154,308.0,60,19.30347541665144,1297.500754456618,1081.0149684996136,0,current,,0.565551944924316
example_154,308.0,60,20.0,1297.500754456618,1081.0149684996136,0,temperature_celsius,20.0,0.6073434199252297
example_154,308.0,60,19.30347541665144,500.0,1081.0149684996136,0,co2,500.0,0.9144585249990864
example_154,308.0,60,19.30347541665144,1297.500754456618,1500.0,0,light,1500.0,0.565551944924316
example_155,301.0,60,18.56454997920344,1802.645764253352,1974.1708173990808,0,current,,0.3002154768913651
example_155,301.0,60,20.0,1802.645764253352,1974.1708173990808,0,temperature_celsius,20.0,0.38634247813915856
example_155,301.0,60,18.56454997920344,500.0,1974.1708173990808,0,co2,500.0,0.8701229987522066
example_155,301.0,60,18.56454997920344,1802.645764253352,1500.0,0,light,1500.0,0.3002154768913651
example_156,488.0,60,23.139354225650525,1045.572585939835,635.6994887207007,1,current,,0.5292007401122907
example_156,488.0,60,20.0,1045.572585939835,635.6994887207007,1,temperature_celsius,20.0,0.7175619936513222
example_156,488.0,60,23.139354225650525,500.0,635.6994887207007,1,co2,500.0,0.7678887464609685
example_156,488.0,60,23.139354225650525,1045.572585939835,1500.0,1,light,1500.0,0.5292007401122907
example_157,279.0,60,18.21209048433297,614.4243655210252,1409.8439853305813,0,current,,0.7989147691445295
example_157,279.0,60,20.0,614.4243655210252,1409.8439853305813,0,temperature_celsius,20.0,0.9061893400845515
example_157,279.0,60,18.21209048433297,500.0,1409.8439853305813,0,co2,500.0,0.8489754290599781
example_157,279.0,60,18.21209048433297,614.4243655210252,1500.0,0,light,1500.0,0.7989147691445295
example_158,240.0,60,22.686204650187705,446.0522821013424,1570.9153075916915,0,current,,0.8186798475694004
example_158,240.0,60,20.0,446.0522821013424,1570.9153075916915,0,temperature_celsius,20.0,0.9798521265806627
example_158,240.0,60,22.686204650187705,500.0,1570.9153075916915,0,co2,500.0,0.7950777209887377
example_158,240.0,60,22.686204650187705,446.0522821013424,1500.0,0,light,1500.0,0.8186798475694004
example_159,282.0,60,25.52184193139966,1608.2196090777904,627.7475791863194,0,current,,0.1400934051444871
example_159,282.0,60,20.0,1608.2196090777904,627.7475791863194,0,temperature_celsius,20.0,0.47140392102846673
example_159,282.0,60,25.52184193139966,500.0,627.7475791863194,0,co2,500.0,0.6249394841160204
example_159,282.0,60,25.52184193139966,1608.2196090777904,1500.0,0,light,1500.0,0.1400934051444871
example_160,324.0,60,22.60379342300704,1392.4952821655434,1510.7894275013473,1,current,,0.4095557086721524
example_160,324.0,60,20.0,1392.4952821655434,1510.7894275013473,1,temperature_celsius,20.0,0.5657833140525748
example_160,324.0,60,22.60379342300704,500.0,1510.7894275013473,1,co2,500.0,0.8000223946195776
example_160,324.0,60,22.60379342300704,1392.4952821655434,1500.0,1,light,1500.0,0.4095557086721524
example_161,362.0,60,21.105359409652173,1526.5276289587578,862.0096388946558,0,current,,0.4408225977514131
example_161,362.0,60,20.0,1526.5276289587578,862.0096388946558,0,temperature_celsius,20.0,0.5071441623305435
example_161,362.0,60,21.105359409652173,500.0,862.0096388946558,0,co2,500.0,0.8899284354208696
example_161,362.0,60,21.105359409652173,1526.5276289587578,1500.0,0,light,1500.0,0.4408225977514131
example_162,336.0,60,23.146305747538825,740.7426584142572,1338.150495068443,0,current,,0.662146742091433
example_162,336.0,60,20.0,740.7426584142572,1338.150495068443,0,temperature_celsius,20.0,0.8509250869437625
example_162,336.0,60,23.146305747538825,500.0,1338.150495068443,0,co2,500.0,0.7674716551476705
example_162,336.0,60,23.146305747538825,740.7426584142572,1500.0,0,light,1500.0,0.662146742091433
example_163,463.0,60,21.66602312393213,618.1943609388316,1340.3534793696106,0,current,,0.8045785796533333
example_163,463.0,60,20.0,618.1943609388316,1340.3534793696106,0,temperature_celsius,20.0,0.9045399670892612
example_163,463.0,60,21.66602312393213,500.0,1340.3534793696106,0,co2,500.0,0.8562886125640721
example_163,463.0,60,21.66602312393213,618.1943609388316,1500.0,0,light,1500.0,0.8045785796533333
example_164,389.0,60,22.36493431452748,423.2714650686111,1164.3944313345653,1,current,,0.8479226751608337
example_164,389.0,60,20.0,423.2714650686111,1164.3944313345653,1,temperature_celsius,20.0,0.9898187340324827
example_164,389.0,60,22.36493431452748,500.0,1164.3944313345653,1,co2,500.0,0.8143539411283511
example_164,389.0,60,22.36493431452748,423.2714650686111,1500.0,1,light,1500.0,0.8479226751608337
example_165,573.0,60,25.5317184702122,960.9400940905552,362.5215860979349,0,current,,0.42268560062265004
example_165,573.0,60,20.0,960.9400940905552,362.5215860979349,0,temperature_celsius,20.0,0.7545887088353821
example_165,573.0,60,25.5317184702122,500.0,362.5215860979349,0,co2,500.0,0.6243468917872679
example_165,573.0,60,25.5317184702122,960.9400940905552,1500.0,0,light,1500.0,0.42268560062265004
example_166,438.0,60,21.0888211024062,1343.868298967413,1703.5444920606285,1,current,,0.5217283530573849
example_166,438.0,60,20.0,1343.868298967413,1703.5444920606285,1,temperature_celsius,20.0,0.5870576192017569
example_166,438.0,60,21.0888211024062,500.0,1703.5444920606285,1,co2,500.0,0.890920733855628
example_166,438.0,60,21.0888211024062,1343.868298967413,1500.0,1,light,1500.0,0.5217283530573849
example_167,523.0,60,25.689524510591312,1027.5904721595716,777.4041169491245,0,current,,0.3840576977947088
example_167,523.0,60,20.0,1027.5904721595716,777.4041169491245,0,temperature_celsius,20.0,0.7254291684301875
example_167,523.0,60,25.689524510591312,500.0,777.4041169491245,0,co2,500.0,0.6148785293645214
example_167,523.0,60,25.689524510591312,1027.5904721595716,1500.0,0,light,1500.0,0.3840576977947088
example_168,418.0,60,25.24280513564851,1099.9598752379666,535.7333187197376,0,current,,0.3791992464444791
example_168,418.0,60,20.0,1099.9598752379666,535.7333187197376,0,temperature_celsius,20.0,0.6937675545833897
example_168,418.0,60,25.24280513564851,500.0,535.7333187197376,0,co2,500.0,0.6416816918610895
example_168,418.0,60,25.24280513564851,1099.9598752379666,1500.0,0,light,1500.0,0.3791992464444791
example_169,256.0,60,19.56632907831437,1846.6539111899967,273.395254798575,0,current,,0.34106865855323876
example_169,256.0,60,20.0,1846.6539111899967,273.395254798575,0,temperature_celsius,20.0,0.3670889138543765
example_169,256.0,60,19.56632907831437,500.0,273.395254798575,0,co2,500.0,0.9302297446988623
example_169,256.0,60,19.56632907831437,1846.6539111899967,1500.0,0,light,1500.0,0.34106865855323876
example_170,356.0,60,18.554890407001324,957.2087472372806,1263.607297738835,0,current,,0.6695145975037692
example_170,356.0,60,20.0,957.2087472372806,1263.607297738835,0,temperature_celsius,20.0,0.7562211730836897
example_170,356.0,60,18.554890407001324,500.0,1263.607297738835,0,co2,500.0,0.8695434244200795
example_170,356.0,60,18.554890407001324,957.2087472372806,1500.0,0,light,1500.0,0.6695145975037692
example_171,286.0,60,18.806224011019413,1222.3831826556973,1419.6158513161083,1,current,,0.5685807982492972
example_171,286.0,60,20.0,1222.3831826556973,1419.6158513161083,1,temperature_celsius,20.0,0.6402073575881324
example_171,286.0,60,18.806224011019413,500.0,1419.6158513161083,1,co2,500.0,0.8846234406611648
example_171,286.0,60,18.806224011019413,1222.3831826556973,1500.0,1,light,1500.0,0.5685807982492972
example_172,435.0,60,18.1457746052124,1653.8448203858288,229.85809207014108,0,current,,0.3401893673939439
example_172,435.0,60,20.0,1653.8448203858288,229.85809207014108,0,temperature_celsius,20.0,0.45144289108119995
example_172,435.0,60,18.1457746052124,500.0,229.85809207014108,0,co2,500.0,0.844996476312744
example_172,435.0,60,18.1457746052124,1653.8448203858288,1500.0,0,light,1500.0,0.3401893673939439
example_173,367.0,60,18.755543686047428,1034.4684517140322,1121.7675049387058,1,current,,0.6477526735379566
example_173,367.0,60,20.0,1034.4684517140322,1121.7675049387058,1,temperature_celsius,20.0,0.722420052375111
example_173,367.0,60,18.755543686047428,500.0,1121.7675049387058,1,co2,500.0,0.8815826211628457
example_173,367.0,60,18.755543686047428,1034.4684517140322,1500.0,1,light,1500.0,0.6477526735379566
example_174,496.00000000000006,60,23.464054187330856,1395.3387203645975,607.6923953562883,0,current,,0.35669605860063724
example_174,496.00000000000006,60,20.0,1395.3387203645975,607.6923953562883,0,temperature_celsius,20.0,0.5645393098404885
example_174,496.00000000000006,60,23.464054187330856,500.0,607.6923953562883,0,co2,500.0,0.7484067487601487
example_174,496.00000000000006,60,23.464054187330856,1395.3387203645975,1500.0,0,light,1500.0,0.35669605860063724
example_175,533.0,60,18.56950918768183,1779.7819339947923,1361.3110227370098,0,current,,0.3105159551381883
example_175,533.0,60,20.0,1779.7819339947923,1361.3110227370098,0,temperature_celsius,20.0,0.39634540387727846
example_175,533.0,60,18.56950918768183,500.0,1361.3110227370098,0,co2,500.0,0.8704205512609099
example_175,533.0,60,18.56950918768183,1779.7819339947923,1500.0,0,light,1500.0,0.3105159551381883
example_176,547.0,60,20.55180504235009,1919.2329978522275,513.8595722089847,0,current,,0.30222726089864504
example_176,547.0,60,20.0,1919.2329978522275,513.8595722089847,0,temperature_celsius,20.0,0.33533556343965043
example_176,547.0,60,20.55180504235009,500.0,513.8595722089847,0,co2,500.0,0.9231416974589947
example_176,547.0,60,20.55180504235009,1919.2329978522275,1500.0,0,light,1500.0,0.30222726089864504
example_177,257.0,60,24.75900248775564,635.3175694864607,1443.6879285844386,1,current,,0.611508414084335
example_177,257.0,60,20.0,635.3175694864607,1443.6879285844386,1,temperature_celsius,20.0,0.8970485633496734
example_177,257.0,60,24.75900248775564,500.0,1443.6879285844386,1,co2,500.0,0.6707098507346616
example_177,257.0,60,24.75900248775564,635.3175694864607,1500.0,1,light,1500.0,0.611508414084335
example_178,251.0,60,18.186175485886608,1882.540200258391,896.1236233409674,0,current,,0.2425591915401505
example_178,251.0,60,20.0,1882.540200258391,896.1236233409674,0,temperature_celsius,20.0,0.351388662386954
example_178,251.0,60,18.186175485886608,500.0,896.1236233409674,0,co2,500.0,0.8474205291531964
example_178,251.0,60,18.186175485886608,1882.540200258391,1500.0,0,light,1500.0,0.2425591915401505
example_179,385.0,60,24.515747860711485,1187.386068927261,1886.113979726122,0,current,,0.3845737232016342
example_179,385.0,60,20.0,1187.386068927261,1886.113979726122,0,temperature_celsius,20.0,0.6555185948443234
example_179,385.0,60,24.515747860711485,500.0,1886.113979726122,0,co2,500.0,0.6853051283573108
example_179,385.0,60,24.515747860711485,1187.386068927261,1500.0,0,light,1500.0,0.3845737232016342
example_180,284.0,60,20.2548381981872,813.1910212783334,447.5376994627878,1,current,,0.803938636299497
example_180,284.0,60,20.0,813.1910212783334,447.5376994627878,1,temperature_celsius,20.0,0.8192289281907291
example_180,284.0,60,20.2548381981872,500.0,447.5376994627878,1,co2,500.0,0.940959708108768
example_180,284.0,60,20.2548381981872,813.1910212783334,1500.0,1,light,1500.0,0.803938636299497
example_181,346.0,60,18.94531862097325,1134.617209981218,813.9194318904653,0,current,,0.6153240878916122
example_181,346.0,60,20.0,1134.617209981218,813.9194318904653,0,temperature_celsius,20.0,0.6786049706332171
example_181,346.0,60,18.94531862097325,500.0,813.9194318904653,0,co2,500.0,0.892969117258395
example_181,346.0,60,18.94531862097325,1134.617209981218,1500.0,0,light,1500.0,0.6153240878916122
example_182,315.0,60,23.573897322913204,1968.0521204567635,404.2523382330603,1,current,,0.09954335792537383
example_182,315.0,60,20.0,1968.0521204567635,404.2523382330603,1,temperature_celsius,20.0,0.31397719730016604
example_182,315.0,60,23.573897322913204,500.0,404.2523382330603,1,co2,500.0,0.7418161606252078
example_182,315.0,60,23.573897322913204,1968.0521204567635,1500.0,1,light,1500.0,0.09954335792537383
example_183,262.0,60,23.03154277423907,1188.1889503885914,1864.448512901413,1,current,,0.47327476775064703
example_183,262.0,60,20.0,1188.1889503885914,1864.448512901413,1,temperature_celsius,20.0,0.6551673342049913
example_183,262.0,60,23.03154277423907,500.0,1864.448512901413,1,co2,500.0,0.7743574335456558
example_183,262.0,60,23.03154277423907,1188.1889503885914,1500.0,1,light,1500.0,0.47327476775064703
example_184,320.0,60,25.019776108216423,926.0025764600132,1779.2108360857658,1,current,,0.46868730630575883
example_184,320.0,60,20.0,926.0025764600132,1779.2108360857658,1,temperature_celsius,20.0,0.7698738727987442
example_184,320.0,60,25.019776108216423,500.0,1779.2108360857658,1,co2,500.0,0.6550634335070147
example_184,320.0,60,25.019776108216423,926.0025764600132,1500.0,1,light,1500.0,0.46868730630575883
example_185,597.0,60,23.880568350431087,1413.4413669067612,664.2949298872801,1,current,,0.32378530095242675
example_185,597.0,60,20.0,1413.4413669067612,664.2949298872801,1,temperature_celsius,20.0,0.556619401978292
example_185,597.0,60,23.880568350431087,500.0,664.2949298872801,1,co2,500.0,0.7234158989741348
example_185,597.0,60,23.880568350431087,1413.4413669067612,1500.0,1,light,1500.0,0.32378530095242675
example_186,554.0,60,24.42784744307879,784.2329900451089,1387.9712828615222,0,current,,0.5662272202705375
example_186,554.0,60,20.0,784.2329900451089,1387.9712828615222,0,temperature_celsius,20.0,0.8318980668552649
example_186,554.0,60,24.42784744307879,500.0,1387.9712828615222,0,co2,500.0,0.6905791534152727
example_186,554.0,60,24.42784744307879,784.2329900451089,1500.0,0,light,1500.0,0.5662272202705375
example_187,486.0,60,20.25627658057045,521.3813249738623,1670.9999603621884,1,current,,0.9315190754897082
example_187,486.0,60,20.0,521.3813249738623,1670.9999603621884,1,temperature_celsius,20.0,0.9468956703239353
example_187,486.0,60,20.25627658057045,500.0,1670.9999603621884,1,co2,500.0,0.940873405165773
example_187,486.0,60,20.25627658057045,521.3813249738623,1500.0,1,light,1500.0,0.9315190754897082
example_188,290.0,60,19.41951635023778,606.2075550570387,1199.3614608790322,1,current,,0.8749551756768125
example_188,290.0,60,20.0,606.2075550570387,1199.3614608790322,1,temperature_celsius,20.0,0.9097841946625456
example_188,290.0,60,19.41951635023778,500.0,1199.3614608790322,1,co2,500.0,0.921420981014267
example_188,290.0,60,19.41951635023778,606.2075550570387,1500.0,1,light,1500.0,0.8749551756768125
example_189,358.0,60,24.00491801312687,604.8733423324359,1153.3710410408116,1,current,,0.6700728319419472
example_189,358.0,60,20.0,604.8733423324359,1153.3710410408116,1,temperature_celsius,20.0,0.9103679127295593
example_189,358.0,60,24.00491801312687,500.0,1153.3710410408116,1,co2,500.0,0.715954919212388
example_189,358.0,60,24.00491801312687,604.8733423324359,1500.0,1,light,1500.0,0.6700728319419472
example_190,497.0,60,24.45467791413812,643.0443096196709,635.334123620813,0,current,,0.6263874396931068
example_190,497.0,60,20.0,643.0443096196709,635.334123620813,0,temperature_celsius,20.0,0.8936681145413939
example_190,497.0,60,24.45467791413812,500.0,635.334123620813,0,co2,500.0,0.6889693251517128
example_190,497.0,60,24.45467791413812,643.0443096196709,1500.0,0,light,1500.0,0.6263874396931068
example_191,591.0,60,25.924041136005386,622.1234762390562,367.5849820506186,0,current,,0.5473785109850897
example_191,591.0,60,20.0,622.1234762390562,367.5849820506186,0,temperature_celsius,20.0,0.9028209791454129
example_191,591.0,60,25.924041136005386,500.0,367.5849820506186,0,co2,500.0,0.6008075318396768
example_191,591.0,60,25.924041136005386,622.1234762390562,1500.0,0,light,1500.0,0.5473785109850897
example_192,377.0,60,21.30094141529141,1425.3995916851434,1814.988364315988,1,current,,0.47333119372026533
example_192,377.0,60,20.0,1425.3995916851434,1814.988364315988,1,temperature_celsius,20.0,0.5513876786377498
example_192,377.0,60,21.30094141529141,500.0,1814.988364315988,1,co2,500.0,0.8781935150825155
example_192,377.0,60,21.30094141529141,1425.3995916851434,1500.0,1,light,1500.0,0.47333119372026533
example_193,401.0,60,20.976144686342263,691.0081350386317,1820.752502893995,1,current,,0.8141152597400628
example_193,401.0,60,20.0,691.0081350386317,1820.752502893995,1,temperature_celsius,20.0,0.8726839409205986
example_193,401.0,60,20.976144686342263,500.0,1820.752502893995,1,co2,500.0,0.8976813188194642
example_193,401.0,60,20.976144686342263,691.0081350386317,1500.0,1,light,1500.0,0.8141152597400628
example_194,253.0,60,24.21130368593597,953.0676533181812,1339.5826230918824,0,current,,0.5053546805171375
example_194,253.0,60,20.0,953.0676533181812,1339.5826230918824,0,temperature_celsius,20.0,0.7580329016732957
example_194,253.0,60,24.21130368593597,500.0,1339.5826230918824,0,co2,500.0,0.7035717788438418
example_194,253.0,60,24.21130368593597,953.0676533181812,1500.0,0,light,1500.0,0.5053546805171375
example_195,403.0,60,20.72642832202414,1834.861455849619,810.2536238876612,1,current,,0.32866241374434324
example_195,403.0,60,20.0,1834.861455849619,810.2536238876612,1,temperature_celsius,20.0,0.37224811306579175
example_195,403.0,60,20.72642832202414,500.0,810.2536238876612,1,co2,500.0,0.9126643006785515
example_195,403.0,60,20.72642832202414,1834.861455849619,1500.0,1,light,1500.0,0.32866241374434324
example_196,464.0,60,25.44605860482852,1158.3386244205958,828.5772343027896,0,current,,0.3414633355262783
example_196,464.0,60,20.0,1158.3386244205958,828.5772343027896,0,temperature_celsius,20.0,0.6682268518159894
example_196,464.0,60,25.44605860482852,500.0,828.5772343027896,0,co2,500.0,0.6294864837102889
example_196,464.0,60,25.44605860482852,1158.3386244205958,1500.0,0,light,1500.0,0.3414633355262783
example_197,302.0,60,24.86730201474409,1468.0923816336435,1506.720221966431,1,current,,0.24067146215063562
example_197,302.0,60,20.0,1468.0923816336435,1506.720221966431,1,temperature_celsius,20.0,0.532709583035281
example_197,302.0,60,24.86730201474409,500.0,1506.720221966431,1,co2,500.0,0.6642118791153546
example_197,302.0,60,24.86730201474409,1468.0923816336435,1500.0,1,light,1500.0,0.24067146215063562
example_198,522.0,60,21.431952219000145,675.7117939226077,1814.7984679146389,0,current,,0.7934589570188504
example_198,522.0,60,20.0,675.7117939226077,1814.7984679146389,0,temperature_celsius,20.0,0.8793760901588591
example_198,522.0,60,21.431952219000145,500.0,1814.7984679146389,0,co2,500.0,0.8703328668599913
example_198,522.0,60,21.431952219000145,675.7117939226077,1500.0,0,light,1500.0,0.7934589570188504
example_199,354.0,60,24.00696854233198,707.6624300938732,1796.755563677211,1,current,,0.6249795742940117
example_199,354.0,60,20.0,707.6624300938732,1796.755563677211,1,temperature_celsius,20.0,0.8653976868339305
example_199,354.0,60,24.00696854233198,500.0,1796.755563677211,1,co2,500.0,0.7158318874600813
example_199,354.0,60,24.00696854233198,707.6624300938732,1500.0,1,light,1500.0,0.6249795742940117
example_200,458.0,60,24.03634299267745,465.3897860263662,1603.7759825437229,0,current,,0.7292113890528178
example_200,458.0,60,20.0,465.3897860263662,1603.7759825437229,0,temperature_celsius,20.0,0.9713919686134648
example_200,458.0,60,24.03634299267745,500.0,1603.7759825437229,0,co2,500.0,0.714069420439353
example_200,458.0,60,24.03634299267745,465.3897860263662,1500.0,0,light,1500.0,0.7292113890528178
