avg_lumen,avg_celsius,avg_ppm,avg_ml,sleep_duration,eco_code,total_ply,opening_ply,player_move_count,opponent_move_count,time_control,is_time_increase,time_increase_sec,is_berserk,duration_min,user_rating,opp_rating,rating_diff,is_player_piece_black,termination_type,result,player_opening_win_rate,player_opening_game_count,sleep_hours,target
874.1722139252524,23.1362531692343,564.9981901374922,168.93506307216455,5 hours 48 minutes,A00,29,7,20,50,classical,True,16,False,26,1605,2113,-188,True,Resignation,Loss,0.40134286802386454,400,5.8,0
1911.2857515378491,18.67311971996039,1844.0846506873067,278.59033903195865,7 hours 30 minutes,D30,84,13,13,58,classical,False,22,False,1,1431,2642,187,False,Resignation,Win,0.6950638369365006,727,7.5,1
1517.5890952605291,19.293029712756912,1208.4037959165714,177.0104842767468,5 hours 8 minutes,E60,41,14,43,20,classical,True,0,True,21,1732,2650,26,True,Normal,Loss,0.41659829636948914,991,5.133333333333334,0
1277.585271554666,25.188433508216633,1722.3319457723867,88.70253375705562,9 hours 50 minutes,A00,109,18,47,48,blitz,True,17,False,3,2773,2206,241,True,Time Forfeit,Loss,0.6082970123622207,899,9.833333333333334,0
480.83355279638573,22.85143247727672,912.0793616489788,120.63587110060081,8 hours 13 minutes,E60,101,15,55,33,classical,False,19,False,20,1704,2702,278,False,Time Forfeit,Win,0.47099826014270363,789,8.216666666666667,1
480.7901366051648,18.073576412933036,1832.8371655939209,460.7787680327258,4 hours 21 minutes,B20,69,22,13,55,rapid,False,16,False,2,1378,2698,-236,True,Resignation,Draw,0.38248696203365595,576,4.35,0
304.55050190275904,18.811772342928258,1022.722685974661,206.33371840579252,6 hours 22 minutes,A00,33,16,47,28,rapid,False,26,False,9,1331,1325,-9,False,Normal,Loss,0.6198875055859445,858,6.366666666666666,0
1759.1170623948833,23.308014152864445,417.3402423684774,364.2698610480755,4 hours 45 minutes,E60,83,16,28,13,blitz,True,27,False,19,2678,1594,-276,True,Time Forfeit,Win,0.43344271561161724,804,4.75,1
1282.0070211377758,18.04049267076975,1848.6111622708218,503.4172708548569,8 hours 20 minutes,B20,66,17,15,35,rapid,True,26,True,15,1547,2016,248,False,Time Forfeit,Loss,0.6460773389591243,490,8.333333333333334,0
1474.5306400328818,19.28646441133999,546.0586828578137,690.3948286293653,5 hours 45 minutes,D30,48,17,43,47,rapid,True,14,True,18,1739,2080,-300,True,Resignation,Loss,0.6661028739671292,485,5.75,0
237.05208973244441,22.38987031493269,910.9018201446638,39.31213984109894,7 hours 53 minutes,B20,95,23,27,51,classical,False,10,True,26,1971,1775,248,False,Time Forfeit,Loss,0.6439295341565103,757,7.883333333333333,0
1945.8377338915898,23.535161581541544,1920.099147281288,799.4103989090427,4 hours 0 minutes,C50,55,23,22,41,rapid,True,24,False,11,2629,1524,-160,False,Normal,Win,0.31400316592272226,470,4.0,1
1698.396753440759,23.215690076020806,1920.9714351000898,627.9003894909077,9 hours 54 minutes,B20,118,18,50,48,blitz,True,27,False,25,1275,2615,-113,True,Resignation,Draw,0.6149493380020422,574,9.9,0
582.2103992208971,19.79415447568448,1317.5006209972578,81.75903194887191,6 hours 39 minutes,B20,71,8,32,54,classical,False,21,False,23,1778,2129,-173,True,Resignation,Win,0.46453578659965755,938,6.65,1
527.2849409727811,23.697433770780286,1410.939539471679,873.5786241067772,8 hours 46 minutes,C50,95,17,28,55,classical,True,12,True,16,2053,2663,-100,True,Normal,Win,0.64948916807289,844,8.766666666666667,1
530.1281177361809,19.897992699974402,1117.5128351653116,920.8724005318131,4 hours 52 minutes,E60,26,12,54,45,blitz,True,0,False,22,2715,2427,-174,True,Resignation,Win,0.5551817050738954,682,4.866666666666667,1
747.6360373271679,20.603197585274142,869.1372347169033,61.07795985486375,4 hours 9 minutes,E60,48,23,20,49,classical,False,16,False,17,1393,2709,-44,False,Time Forfeit,Win,0.6334572536575833,445,4.15,1
1144.561576938028,23.971931240944194,925.8632725918656,276.87764814720373,7 hours 56 minutes,B20,30,16,10,46,classical,True,5,False,5,2385,2032,246,True,Time Forfeit,Loss,0.4997727079467341,269,7.933333333333334,0
977.5010335558084,23.19706319237772,1476.0295297232615,806.2012797930613,8 hours 25 minutes,C50,52,22,33,42,blitz,False,3,True,12,1546,2254,-107,False,Normal,Win,0.5140102018395731,267,8.416666666666666,1
724.2124523564754,24.793787283953424,1603.799247100288,748.2596903836584,4 hours 34 minutes,C50,25,10,16,45,classical,False,19,False,11,2150,2611,-197,True,Time Forfeit,Win,0.35775505285346687,54,4.566666666666666,1
1301.335210500283,23.260903138402746,1666.5264699613576,184.52101935637734,7 hours 24 minutes,D30,98,22,34,12,blitz,False,15,True,15,2584,2657,234,False,Normal,Loss,0.6135949434757422,528,7.4,0
451.0889491736753,22.54646882668377,1663.389028471286,209.3493233367103,5 hours 10 minutes,E60,51,23,30,18,blitz,False,14,False,27,2310,2036,-36,False,Normal,Win,0.46775584466678866,520,5.166666666666667,1
725.8603673633927,18.74939814262474,545.9297648779045,370.472102791382,9 hours 1 minutes,A00,70,9,24,17,rapid,False,26,True,3,2485,2125,83,False,Time Forfeit,Win,0.500032047308633,616,9.016666666666667,1
859.451317928645,20.94172642447547,1191.0724875241303,484.52298519102135,5 hours 26 minutes,E60,94,13,10,42,rapid,True,14,True,1,1413,2599,-41,False,Normal,Win,0.614039085638283,59,5.433333333333334,1
1020.9259715906646,20.121618941453804,492.09401602663087,618.254771530296,5 hours 26 minutes,E60,77,7,21,15,classical,True,5,True,20,1772,2567,113,True,Time Forfeit,Win,0.5395381600317756,825,5.433333333333334,1
1613.3167305074244,19.951917147032667,1279.2462117179768,368.9136395697724,4 hours 42 minutes,D30,106,14,16,50,classical,False,14,False,29,1979,1642,57,True,Resignation,Win,0.380439490977067,40,4.7,1
559.4128078850475,25.784084438019566,1106.4488021974032,462.53471613314787,6 hours 43 minutes,A00,45,23,24,48,blitz,False,13,False,16,1461,1274,-226,False,Resignation,Loss,0.536093063660357,237,6.716666666666667,0
1125.6219891445007,21.144781797334083,1820.3266924132797,747.4709381337566,6 hours 50 minutes,D30,117,7,30,13,classical,True,27,True,2,1929,1756,54,True,Normal,Win,0.4630531431918623,955,6.833333333333333,1
1266.3462239516764,25.136372441416906,961.4640200833259,36.6832028905979,9 hours 23 minutes,A00,65,19,28,22,blitz,False,10,True,2,1482,2378,283,True,Time Forfeit,Win,0.487810216817545,386,9.383333333333333,1
283.6107428959959,23.049109007978103,587.3072262841694,252.43694434402076,4 hours 6 minutes,B20,117,5,38,58,blitz,False,6,False,3,2690,2653,-113,False,Time Forfeit,Loss,0.3113245097610671,606,4.1,0
1293.580733422589,24.358490428333187,628.7866912845374,713.3495858845524,7 hours 5 minutes,A00,48,11,34,11,classical,False,8,False,8,2603,1562,-11,True,Resignation,Loss,0.3840117398065126,734,7.083333333333333,0
506.94342263712474,22.021096744841536,1618.4170107479556,895.2068376871994,8 hours 23 minutes,D30,23,16,42,14,blitz,True,25,True,24,1561,1647,-256,True,Resignation,Win,0.4124152325524113,716,8.383333333333333,1
317.0928673735031,22.615231077010872,1389.1489013060177,511.6774421156661,4 hours 48 minutes,E60,100,21,58,53,rapid,True,15,False,28,2672,2457,272,True,Time Forfeit,Loss,0.5851840031435223,650,4.8,0
1907.9939670559997,21.940141550550912,561.7962817964644,532.1134852653156,8 hours 42 minutes,A00,118,24,41,36,classical,False,4,False,15,1640,2786,-218,False,Normal,Win,0.3045969893192461,300,8.7,1
1938.137659534207,19.561943902384357,534.5708897839959,107.17201133977605,9 hours 25 minutes,A00,32,9,58,41,rapid,False,24,False,7,1292,1461,-178,True,Resignation,Loss,0.4635109044916528,395,9.416666666666666,0
1655.11522660963,23.779616922092043,1521.550610334592,447.41236682345465,7 hours 49 minutes,C50,58,8,44,30,classical,True,19,False,6,1952,1324,57,False,Normal,Loss,0.6696107481702931,207,7.816666666666666,0
748.3047845120673,20.246178899526846,516.4208101827096,532.6172664550231,8 hours 48 minutes,E60,34,16,53,17,blitz,True,28,True,9,2066,2110,227,True,Normal,Win,0.34475224661964954,336,8.8,1
375.8098052114909,18.19452773145163,1714.9760948645699,242.47050363472965,4 hours 19 minutes,B20,48,24,47,47,classical,False,9,False,20,2647,1444,-235,True,Resignation,Draw,0.5065697552874444,593,4.316666666666666,0
1431.6194477218824,23.163778367257343,1529.987563450394,269.243230949381,4 hours 48 minutes,D30,48,22,35,17,rapid,False,17,False,28,1341,1741,74,True,Normal,Win,0.6146089529563388,730,4.8,1
992.2744887312823,19.41688543525639,530.1580490270396,377.2841631046226,7 hours 53 minutes,B20,94,21,20,59,blitz,True,2,True,1,2514,1684,-139,False,Normal,Loss,0.6770125230080466,514,7.883333333333333,0
419.6688227206019,25.523668674823313,535.740342536307,20.07119777772637,9 hours 27 minutes,E60,51,23,44,12,classical,True,12,True,8,2655,1321,79,False,Time Forfeit,Win,0.5987106558134871,178,9.45,1
1091.3184382002864,25.6314286160207,1978.6233256018807,322.0791655831783,8 hours 39 minutes,A00,21,13,17,53,classical,True,10,False,23,1948,1324,57,True,Normal,Loss,0.5882262194577624,396,8.65,0
261.8993380073931,25.318915121763588,998.8332732097925,211.44800699654465,4 hours 6 minutes,A00,66,8,55,12,classical,False,16,False,23,1852,2772,-113,False,Time Forfeit,Loss,0.6305952360783049,371,4.1,0
1836.7767237418077,20.961269602043554,993.0274353070255,327.49735217791465,4 hours 31 minutes,E60,97,6,23,31,rapid,True,29,False,3,1900,1369,21,True,Resignation,Loss,0.4784804883910174,858,4.516666666666667,0
665.8039668800304,18.12365293223094,1700.479307612004,119.76213181925121,8 hours 29 minutes,A00,103,8,19,15,rapid,False,29,False,4,2197,1323,149,False,Resignation,Win,0.6223378130471332,791,8.483333333333333,1
1392.5401118371676,25.426548500701802,1915.5977238141738,890.527280739895,6 hours 58 minutes,A00,41,6,11,11,classical,True,21,True,26,1248,2258,173,False,Time Forfeit,Loss,0.3031857618981804,658,6.966666666666667,0
761.0799369609397,21.425473186538515,1977.6017021165935,593.5924535540487,6 hours 31 minutes,A00,94,19,55,32,blitz,True,12,True,25,2525,2310,-288,True,Resignation,Loss,0.6698244221507219,318,6.516666666666667,0
1136.1224381200595,25.733238552349356,1605.4050964143066,679.1023191444896,9 hours 28 minutes,D30,46,6,18,53,blitz,True,5,True,15,2080,1845,-117,True,Normal,Loss,0.4773226038068701,736,9.466666666666667,0
1184.0785028179034,25.70895981671402,1002.0153368494653,789.1712386073383,4 hours 44 minutes,D30,86,8,12,11,rapid,True,16,False,6,2413,1985,-190,True,Normal,Loss,0.521352075146299,369,4.733333333333333,0
532.7380199459487,24.82407564373888,533.60114671787,498.44219892905727,8 hours 29 minutes,C50,100,10,30,47,blitz,False,26,False,15,2359,1400,207,True,Normal,Loss,0.4019528995659529,384,8.483333333333333,0
1945.2523299762054,20.355591136556686,1643.4350654838988,86.92028808742369,6 hours 17 minutes,B20,75,11,35,26,rapid,False,12,False,21,1754,1568,-11,False,Resignation,Win,0.5970123331361685,62,6.283333333333333,1
1595.2390820500061,21.080781828815404,1293.446799577288,537.1065418185477,4 hours 13 minutes,E60,111,14,17,44,classical,True,18,False,3,1603,1996,-6,False,Normal,Win,0.3306543225900995,806,4.216666666666667,1
1891.0980948155404,24.809093372134853,1078.755214795162,586.8411180208791,6 hours 46 minutes,E60,112,23,57,43,rapid,False,20,True,25,2091,1276,150,False,Resignation,Loss,0.6490543210187341,505,6.766666666666667,0
1810.6892307697678,20.53537604125022,1850.1670161515776,745.43947418433,5 hours 1 minutes,E60,40,23,11,32,rapid,True,18,True,21,2064,1258,-86,True,Normal,Win,0.6312467316025371,239,5.016666666666667,1
1276.2199618599532,19.35594197348874,577.9159716898421,431.6595462296794,9 hours 27 minutes,C50,66,16,15,39,classical,True,9,False,21,1801,1630,266,True,Time Forfeit,Draw,0.3864240464979065,195,9.45,0
1859.3736230416102,22.454410099666802,1188.2001668653747,127.58030279556377,4 hours 49 minutes,D30,99,7,37,17,blitz,True,2,True,14,1540,1837,-274,False,Resignation,Loss,0.6237297593141049,678,4.816666666666666,0
359.2865036934551,25.489238193286248,418.1658316278705,283.77590579872447,9 hours 37 minutes,C50,78,17,38,31,rapid,True,13,False,20,1903,2723,-70,True,Resignation,Draw,0.6145430932245926,963,9.616666666666667,0
552.7691523544613,23.568238373399783,1149.857027190602,363.0822963986351,6 hours 3 minutes,E60,103,22,35,53,rapid,False,25,False,14,1517,1308,264,False,Normal,Win,0.5528866391015796,222,6.05,1
281.4091200389685,22.560489360714918,490.08524109093975,645.9172413316012,4 hours 7 minutes,B20,25,12,34,45,classical,True,18,True,4,1817,2207,20,False,Resignation,Loss,0.449408070759875,61,4.116666666666666,0
785.5945953738758,18.777411950166147,590.1086660289151,570.7783046689119,8 hours 54 minutes,A00,38,19,21,14,blitz,True,4,False,12,2586,2501,-68,False,Resignation,Loss,0.4085995016727471,129,8.9,0
899.6191214410676,22.92005781359336,588.0419948433678,356.0967258978462,6 hours 31 minutes,D30,76,5,14,22,rapid,False,28,False,17,1581,1267,136,False,Time Forfeit,Loss,0.39271343611574,990,6.516666666666667,0
688.4282571930127,25.920430800834104,1438.7364833857016,986.5152487929797,5 hours 9 minutes,D30,88,7,43,38,classical,True,4,True,7,1432,2292,232,False,Time Forfeit,Loss,0.42744358510544284,685,5.15,0
1691.7275164734729,19.12067212189219,1593.6718068246773,605.7748193568872,6 hours 45 minutes,C50,22,12,57,40,rapid,True,19,False,9,2567,2388,102,True,Normal,Win,0.661423377373012,992,6.75,1
842.1559880484607,22.146637218909895,1333.3900241554554,237.22679173599448,5 hours 59 minutes,D30,20,8,46,56,classical,True,16,False,3,2772,2712,-248,True,Time Forfeit,Loss,0.3310563103955125,156,5.983333333333333,0
705.6821174372853,25.018984575423644,1939.476077559267,101.78247262040374,4 hours 22 minutes,E60,77,20,24,25,blitz,False,20,True,28,2016,1504,12,True,Normal,Loss,0.6315485105011834,917,4.366666666666666,0
1176.8529496848473,23.926148942033635,999.7929272379265,152.85913918433204,7 hours 31 minutes,E60,57,14,53,51,blitz,True,9,False,13,1752,1873,-20,False,Normal,Win,0.4395560300167294,378,7.516666666666667,1
453.66360495457275,23.576125927962146,857.1393380509771,245.95772838450813,5 hours 6 minutes,C50,34,16,45,39,blitz,False,4,True,15,2752,1564,-270,False,Normal,Win,0.5086397584045432,622,5.1,1
1643.9545653572713,23.619872671896875,1789.7586051031365,160.68137325955567,8 hours 7 minutes,E60,53,18,24,25,blitz,True,3,False,18,2055,2020,36,False,Resignation,Draw,0.6177942534593963,781,8.116666666666667,0
334.1911586235875,20.87592920975804,757.7533416311242,186.56702405130576,4 hours 56 minutes,B20,80,18,52,21,rapid,True,5,True,19,2018,2602,-118,False,Time Forfeit,Loss,0.6537506188091885,923,4.933333333333334,0
1976.396485880931,20.348734754115945,1941.156063104978,285.0951686938471,6 hours 23 minutes,C50,54,6,57,26,rapid,False,25,True,1,2794,1542,-278,True,Normal,Draw,0.43791256802905876,868,6.383333333333334,0
1590.0405847339835,24.47488924382811,419.44715950370613,173.37359529475484,6 hours 7 minutes,B20,83,9,32,25,blitz,True,3,True,6,1382,2146,243,True,Time Forfeit,Loss,0.4847373925100441,903,6.116666666666666,0
557.6882267615104,24.480907157433446,1951.8061227322225,896.7654246264252,9 hours 56 minutes,A00,44,9,15,21,blitz,True,29,False,27,2264,2098,145,False,Normal,Win,0.4658064259267169,790,9.933333333333334,1
209.93981082248433,24.93657854864083,469.0558591209218,80.2337456616422,8 hours 2 minutes,B20,43,10,55,17,blitz,False,6,True,27,2774,2777,-227,False,Time Forfeit,Win,0.3053004134015642,586,8.033333333333333,1
1667.8305712187014,25.30592442045177,1825.8289819169138,524.5113895702547,6 hours 32 minutes,A00,31,17,59,29,rapid,False,6,True,23,1596,2577,-291,False,Time Forfeit,Win,0.4183771555434626,999,6.533333333333333,1
1472.3432189257107,22.090739190887504,1244.3217745380798,410.3968269896615,7 hours 46 minutes,A00,37,13,53,12,blitz,False,17,True,27,1978,2639,183,True,Normal,Win,0.4836756934930247,437,7.766666666666667,1
1512.2129024737771,22.012130357497597,1988.7436737908806,982.3786169086064,5 hours 34 minutes,B20,34,19,52,25,blitz,False,2,True,27,2717,2332,155,True,Resignation,Win,0.46443744355217587,975,5.566666666666666,1
1588.2866240347023,24.3863614317342,518.0745035766382,112.03890216805235,9 hours 31 minutes,C50,99,18,54,39,blitz,False,0,True,2,2106,2786,265,True,Time Forfeit,Win,0.5887716910062717,207,9.516666666666667,1
333.2803731213627,23.19971144622212,1286.1668550421132,397.85559904574166,9 hours 42 minutes,E60,46,11,30,54,classical,True,23,False,24,2556,1961,263,False,Resignation,Win,0.45392144688844127,388,9.7,1
845.2383113796907,23.615735018061628,1950.8840569905583,969.4704332753688,7 hours 51 minutes,E60,91,24,32,32,blitz,False,24,False,14,1326,2720,-141,False,Resignation,Draw,0.49575057958826807,480,7.85,0
408.5643071452335,24.366341355488807,1236.956550672238,865.5071258939803,8 hours 53 minutes,A00,79,6,52,37,classical,True,3,False,6,2781,1540,-287,True,Normal,Win,0.4718434368529453,791,8.883333333333333,1
1753.5861665760683,25.12004273454053,1407.03782101642,817.0720709492799,8 hours 13 minutes,A00,65,11,25,49,classical,True,5,False,14,2780,2141,-123,False,Normal,Loss,0.5962504595577482,887,8.216666666666667,0
1321.9366282896042,20.703961254812285,1513.1979023753875,257.90282704493984,5 hours 6 minutes,C50,108,10,56,14,blitz,True,8,False,4,1200,1582,111,True,Normal,Loss,0.645188959594785,838,5.1,0
795.6164447347685,21.00466362111955,1127.2657036284372,170.88758739006582,5 hours 6 minutes,D30,36,21,24,29,classical,False,21,False,21,2391,2203,-248,False,Time Forfeit,Win,0.5127556316030056,984,5.1,1
314.40503051484257,18.751855518726952,1404.0929281345016,668.643219924431,4 hours 22 minutes,B20,112,6,34,49,blitz,False,13,False,8,1218,2756,107,True,Normal,Win,0.6157728776780764,340,4.366666666666666,1
759.7681790881919,22.626241127969394,1334.9028990769602,929.3759891275857,8 hours 18 minutes,A00,72,7,45,53,rapid,True,27,True,3,2555,1499,-279,False,Normal,Win,0.4187146728079402,869,8.3,1
785.3299796481447,18.287538190373937,1841.8528167855823,556.7628930139298,8 hours 18 minutes,E60,27,9,20,10,rapid,False,11,False,19,1783,1338,-271,True,Time Forfeit,Win,0.5165478440629074,340,8.3,1
1513.2911210085153,21.72478414505968,472.7142085463326,571.6126894698998,7 hours 28 minutes,C50,98,9,24,39,rapid,False,27,True,14,1655,1558,-41,True,Time Forfeit,Loss,0.43809198146798894,204,7.466666666666667,0
1347.6034484393836,22.34115707766061,849.5411033475685,279.97909366028415,7 hours 17 minutes,B20,46,5,13,30,rapid,False,24,True,27,2156,2035,-96,True,Normal,Win,0.4656803702287321,161,7.283333333333333,1
1796.9829366373879,20.292330017026273,1920.658374522494,769.4929331919369,5 hours 0 minutes,C50,65,12,30,29,classical,False,19,False,20,2332,2722,-242,True,Normal,Win,0.5929655459250673,540,5.0,1
1049.9868652915088,22.726666084552086,1824.4220542254661,187.04374855752337,8 hours 19 minutes,B20,69,16,22,15,blitz,True,23,True,17,2491,2608,170,True,Normal,Win,0.652664992933085,392,8.316666666666666,1
415.26964268894307,18.244001999512395,1129.0508044571407,323.6792364042437,6 hours 41 minutes,B20,90,8,31,31,blitz,True,24,True,25,1644,2503,165,True,Normal,Draw,0.34859815643510617,769,6.683333333333334,0
1483.840617001391,18.298785509993714,1392.2121564824588,425.43643861641675,5 hours 2 minutes,A00,22,17,28,27,blitz,False,3,True,8,2463,1682,-289,False,Resignation,Loss,0.5538557025949522,677,5.033333333333333,0
1569.4130875104154,24.580804485277266,843.8098927698122,507.61037868445504,7 hours 19 minutes,C50,112,19,43,17,rapid,True,20,True,24,2524,2108,-11,False,Resignation,Loss,0.5328575230311193,575,7.316666666666666,0
1210.2989556250932,20.881525131290104,700.9938555580181,242.40973241508024,8 hours 36 minutes,C50,83,15,23,48,rapid,False,29,False,14,1801,2334,53,False,Normal,Win,0.34736601567037273,534,8.6,1
1587.7409239182098,19.016484101215077,1141.9174479039716,114.83682473920354,9 hours 29 minutes,E60,63,14,13,41,blitz,False,23,False,26,1302,2065,-226,True,Resignation,Loss,0.3847577321760436,70,9.483333333333333,0
1088.8320734559034,22.177946080438435,965.3635648416845,610.6200424416326,4 hours 33 minutes,E60,72,7,57,42,rapid,True,11,False,6,2187,1338,260,True,Time Forfeit,Loss,0.42440099789307206,893,4.55,0
1140.9190928875892,24.159948424788887,1333.8497789613953,288.6305532402558,8 hours 43 minutes,A00,43,18,55,25,blitz,True,9,False,23,2473,2195,290,False,Resignation,Loss,0.3667724283270006,405,8.716666666666667,0
969.5738330453893,19.726568219974745,524.3754191439757,581.2382214226122,6 hours 51 minutes,A00,79,20,36,21,blitz,True,29,False,22,2676,1634,140,True,Resignation,Draw,0.3974917930097367,608,6.85,0
245.75442813937133,22.983123806552,1959.0316922658665,154.36271527420232,5 hours 21 minutes,D30,22,14,38,47,blitz,False,21,False,16,1719,1708,-60,True,Normal,Win,0.407040319544683,675,5.35,1
394.204568587948,18.682779719950144,1977.9371911673645,481.1401018548175,7 hours 23 minutes,E60,39,14,56,43,blitz,True,27,False,25,2376,1472,-147,True,Resignation,Draw,0.43426953321562384,591,7.383333333333334,0
256.57253423612167,18.413453769348862,1517.0587424315922,532.5894325515859,4 hours 9 minutes,B20,65,16,37,23,blitz,False,6,False,19,2058,2322,-205,True,Resignation,Draw,0.5997561811204636,517,4.15,0
1345.5387402748047,22.250837052545183,1257.7541861505927,51.82353682242691,9 hours 55 minutes,C50,34,13,44,45,blitz,True,2,False,14,1373,1303,-7,True,Resignation,Win,0.5287648815402403,828,9.916666666666666,1
765.840765937388,22.32508097288085,895.2441860581243,336.6042781939206,6 hours 45 minutes,A00,44,5,17,42,blitz,True,22,False,19,2566,2437,-92,False,Resignation,Loss,0.6944986687805605,120,6.75,0
1115.427244096465,23.099439211985654,1702.0720315311178,134.41467693897425,4 hours 49 minutes,C50,113,9,25,32,rapid,False,27,True,3,2204,1961,42,False,Time Forfeit,Draw,0.4658943307869884,814,4.816666666666666,0
1833.6196530669674,23.80873066978129,1495.569876086207,63.37497047276774,6 hours 16 minutes,C50,97,24,51,59,blitz,False,13,False,10,1630,1986,-213,False,Normal,Win,0.60154602953477,690,6.266666666666667,1
648.7260124679749,25.806816635700276,660.1871029518261,989.9602323899452,9 hours 8 minutes,D30,90,12,45,54,blitz,False,23,True,19,1926,1364,89,False,Normal,Loss,0.6485873685506135,688,9.133333333333333,0
938.6892614641336,22.13040278640956,1857.483495190148,322.35384497472296,5 hours 44 minutes,E60,36,15,39,11,rapid,False,9,True,9,2049,2198,24,False,Time Forfeit,Draw,0.5715913972152167,902,5.733333333333333,0
1559.9920493774875,20.583651783529966,1716.0595886770705,809.8744458546348,4 hours 38 minutes,A00,103,16,27,50,rapid,False,15,True,28,2547,1719,-144,True,Resignation,Loss,0.46474589616699835,217,4.633333333333333,0
611.8366978849205,24.36148955814963,1919.6798612670784,254.64065476376385,4 hours 53 minutes,C50,119,5,11,30,rapid,False,15,True,20,2189,2507,276,True,Time Forfeit,Win,0.6014378522983012,56,4.883333333333333,1
338.5638376918274,20.166658010096594,1561.151213421376,681.5027222239293,9 hours 42 minutes,A00,28,24,58,11,blitz,False,21,False,13,1838,1716,-164,True,Resignation,Loss,0.3814668551090739,366,9.7,0
721.5526152447825,21.51177136564509,1381.464313497264,760.2278598896866,9 hours 3 minutes,B20,57,15,22,36,classical,False,9,True,7,1619,1856,127,True,Time Forfeit,Win,0.4310208660720529,699,9.05,1
490.19831705720793,18.627651050738127,1069.1888580649902,595.6387406078443,5 hours 57 minutes,D30,67,9,13,18,classical,True,24,False,14,1793,1812,151,False,Normal,Loss,0.5186741020397154,504,5.95,0
1873.4557742166314,18.20280594732366,1892.3655733664211,471.57618855015835,8 hours 44 minutes,B20,79,19,35,10,rapid,False,12,False,9,1684,1363,-160,False,Normal,Win,0.5301637549144593,744,8.733333333333333,1
1654.6166832159506,25.7011873174234,1785.7022232006534,411.8409141472685,5 hours 22 minutes,A00,82,9,34,20,classical,False,5,True,27,1611,1263,-218,False,Normal,Loss,0.30885659018905176,767,5.366666666666666,0
1340.1267617187623,24.687840964097646,472.34987216990305,348.8682665429953,8 hours 10 minutes,A00,105,16,39,12,rapid,True,11,False,28,2135,2314,-124,True,Resignation,Loss,0.6780456755024035,925,8.166666666666666,0
1768.6290623378918,23.567793648749586,442.1871591956032,929.5291442478258,9 hours 17 minutes,E60,21,9,20,32,blitz,False,8,True,23,2307,2340,-103,False,Resignation,Loss,0.578650908486956,455,9.283333333333333,0
1646.609738418406,21.271623555314157,1002.3413870048794,830.6194077877292,8 hours 41 minutes,C50,107,21,16,35,classical,True,12,True,25,2336,1466,267,True,Time Forfeit,Loss,0.4982815000927564,104,8.683333333333334,0
535.8261059948645,19.386354560566765,1696.8853292509327,965.0269106665125,7 hours 40 minutes,C50,91,21,40,13,blitz,True,3,False,28,1531,2782,120,False,Time Forfeit,Loss,0.6732508937633233,77,7.666666666666667,0
1806.60619728196,19.25149634136869,1979.6418069039112,124.29722348554473,9 hours 33 minutes,B20,30,16,53,27,classical,False,23,False,19,2601,2363,100,False,Normal,Loss,0.47563822610033135,230,9.55,0
1170.8160354481713,20.00194318531676,640.6670257656451,730.8674752036443,4 hours 36 minutes,D30,83,19,19,15,blitz,True,10,True,15,1854,1445,170,True,Resignation,Win,0.6921742281081487,914,4.6,1
1653.3922792953126,22.393813317648963,1350.609144563416,938.3404568210378,4 hours 37 minutes,C50,96,19,48,44,classical,False,19,False,20,1240,1594,-83,True,Time Forfeit,Loss,0.504913902897394,258,4.616666666666667,0
1812.9643398622877,23.716767381600498,1009.4253706096345,181.23306616566015,5 hours 11 minutes,E60,100,10,22,31,blitz,True,17,False,14,2158,2710,-126,False,Resignation,Win,0.3457143079991918,264,5.183333333333334,1
772.406254949355,23.28157901374185,1951.863036503365,66.49626736677749,8 hours 41 minutes,B20,91,16,40,52,blitz,True,25,False,24,1304,1675,-278,False,Resignation,Draw,0.6059203889837108,331,8.683333333333334,0
398.09346414981815,20.239471175567544,1747.390277017134,741.1206492900591,9 hours 20 minutes,B20,40,24,16,24,classical,True,10,True,6,1401,2740,-66,True,Normal,Win,0.5715590900311363,993,9.333333333333334,1
610.283292575495,25.63892224530555,1741.3259275378205,574.4731131799119,6 hours 56 minutes,E60,37,22,58,31,blitz,False,24,True,21,1649,2176,-288,False,Normal,Win,0.6091946885222347,182,6.933333333333334,1
968.7940195272614,23.903175333566146,1149.9090556719525,841.828776758272,9 hours 26 minutes,D30,113,18,51,46,blitz,False,20,False,29,2489,2407,-200,False,Resignation,Loss,0.6805768114902724,893,9.433333333333334,0
1672.4265786604876,22.434832420091205,1063.7112037402644,139.77237662628949,5 hours 11 minutes,E60,83,6,51,51,blitz,True,3,False,4,2109,2243,235,True,Resignation,Loss,0.6105957210604072,768,5.183333333333334,0
1749.3150498614182,22.893765969874817,837.45131508913,795.2673118598902,8 hours 56 minutes,D30,101,13,45,21,classical,True,17,False,8,1409,1757,222,False,Resignation,Win,0.5445346408866587,550,8.933333333333334,1
212.51383495614326,21.35680049942232,490.2007946414834,201.62732004774452,8 hours 6 minutes,E60,114,9,29,56,classical,False,0,False,17,1762,2217,151,True,Resignation,Loss,0.6429235609443363,688,8.1,0
1119.3451446396184,19.981847916009258,1783.555802008085,163.6559428657045,5 hours 44 minutes,E60,57,24,13,58,blitz,False,26,False,9,2341,2747,130,False,Normal,Loss,0.5692985757418125,27,5.733333333333333,0
951.3398056678022,20.847781429210094,1700.6416146081242,164.26579793099293,4 hours 25 minutes,A00,51,5,16,51,blitz,True,6,True,1,1912,2752,232,True,Time Forfeit,Loss,0.46324762273036924,276,4.416666666666667,0
599.7940588473144,24.062768883714952,1999.5482772578089,814.5747202313821,8 hours 27 minutes,B20,30,7,10,47,classical,True,5,False,24,2600,2082,-8,False,Normal,Win,0.6542479056967092,652,8.45,1
415.75766120062906,18.115147909038047,1994.6189393182485,665.1972206962001,9 hours 57 minutes,E60,64,10,53,27,classical,False,14,True,20,2774,1346,-200,True,Time Forfeit,Loss,0.38876018431374915,299,9.95,0
807.7073085265304,18.92858112405533,1288.690728964204,523.0654247691193,9 hours 1 minutes,E60,108,9,54,54,blitz,False,17,False,25,2763,1865,201,False,Resignation,Loss,0.5858565099634896,957,9.016666666666667,0
1897.2374670425345,18.368021136174022,1630.3798642888169,358.8304841235025,7 hours 53 minutes,C50,52,9,51,44,blitz,False,23,True,14,1970,2527,3,True,Time Forfeit,Loss,0.6526253819763027,799,7.883333333333333,0
781.7652776373594,18.32583041855176,1911.625167811885,877.2005408131083,6 hours 0 minutes,B20,60,5,56,39,blitz,False,10,False,11,2307,1819,239,False,Normal,Loss,0.5925266078813185,91,6.0,0
1133.823119138059,24.84368467208806,1759.4358250838584,392.4451074226354,6 hours 52 minutes,C50,27,21,22,33,rapid,False,19,True,21,1653,2019,252,False,Normal,Loss,0.5789101676215427,480,6.866666666666667,0
1465.4341260113201,23.62926287504019,795.7569627891162,816.599439471577,7 hours 50 minutes,B20,30,23,31,51,classical,True,23,False,3,1866,2063,54,False,Resignation,Win,0.6010553176287343,573,7.833333333333333,1
854.5332842827291,21.793390632698603,1120.8706164961495,439.13490857021844,5 hours 28 minutes,C50,105,18,30,39,rapid,False,14,True,9,1828,1781,2,False,Normal,Win,0.48602209932025775,458,5.466666666666667,1
1949.2077488977293,18.782673285208013,606.655064242392,376.9444294249076,8 hours 10 minutes,E60,70,16,31,23,classical,True,15,True,27,2737,2222,195,False,Resignation,Win,0.6496682728628104,451,8.166666666666666,1
1932.4051308958003,21.932927000934658,1926.4816436139558,462.6797856696064,6 hours 35 minutes,E60,107,14,37,15,classical,False,6,True,14,1586,1894,-74,False,Normal,Win,0.38137459005443647,365,6.583333333333333,1
653.2081324856555,21.787774166244525,1369.879415121408,301.3778741641421,4 hours 58 minutes,A00,60,24,18,12,classical,True,20,True,9,2573,2451,-65,False,Normal,Win,0.35095456640013567,859,4.966666666666667,1
1095.0473106062936,19.385614959280122,765.8284888055404,747.6093801762511,6 hours 53 minutes,C50,36,22,35,25,classical,False,9,True,4,1495,2325,154,False,Resignation,Loss,0.4142035120474046,675,6.883333333333333,0
741.5809576701854,21.470813193903783,1474.7210950493707,502.72039009247914,5 hours 54 minutes,D30,95,15,18,16,classical,False,25,True,27,1457,2640,-288,False,Time Forfeit,Win,0.5126309587099972,351,5.9,1
712.7128898794417,21.18803787517899,1389.0051847326333,232.2126951468173,9 hours 21 minutes,A00,65,6,24,23,classical,True,11,False,4,2304,2439,-91,True,Normal,Draw,0.5042247181637352,655,9.35,0
266.396505238159,22.926800784417733,973.0603488525448,899.5745732745685,8 hours 55 minutes,C50,51,22,19,18,classical,True,23,True,28,1467,1606,96,True,Time Forfeit,Win,0.6282395030706347,400,8.916666666666666,1
1297.2158011638144,23.08074920694115,581.6921475194065,383.8912213732114,4 hours 57 minutes,C50,98,11,33,24,rapid,False,13,False,8,1618,1598,-201,False,Normal,Loss,0.46182746256160695,253,4.95,0
1104.8222418119508,18.362432078176354,1474.5171129484793,543.5528611139886,7 hours 46 minutes,A00,99,19,51,30,blitz,False,24,False,2,1434,1914,-270,True,Normal,Loss,0.4937377705166034,781,7.766666666666667,0
292.66175224998085,20.99690091701177,1232.4923214460691,906.4721109645469,7 hours 18 minutes,E60,73,15,17,44,blitz,False,4,False,9,2534,1903,227,False,Normal,Win,0.30534707330375827,881,7.3,1
701.5636356259006,23.00687932571389,1635.7094267770228,624.2379959139921,6 hours 51 minutes,C50,105,22,33,11,rapid,False,25,False,29,2185,1960,28,False,Normal,Win,0.4638956945771756,803,6.85,1
1834.8785947399767,22.0250900686407,1232.2616017791893,116.89804070836406,6 hours 16 minutes,E60,111,16,25,36,rapid,False,20,False,14,2580,1698,-135,True,Time Forfeit,Loss,0.5591096931801368,459,6.266666666666667,0
631.2114032005504,24.85191872950658,1763.4904005096641,939.8321236134751,9 hours 58 minutes,A00,39,10,58,11,rapid,True,17,True,22,2436,2688,158,False,Time Forfeit,Win,0.30620333225063684,699,9.966666666666667,1
460.81076976420155,23.26954905295156,1283.0509420391768,627.7080530714179,8 hours 42 minutes,E60,52,24,35,44,rapid,True,4,True,9,1773,2173,-201,False,Normal,Draw,0.4123527860744975,917,8.7,0
1081.0149684996136,19.303475416651438,1297.5007544566179,334.9056146570861,5 hours 8 minutes,B20,93,17,36,27,classical,False,2,True,24,1248,1281,-128,True,Normal,Loss,0.38318254371575594,499,5.133333333333334,0
1974.1708173990812,18.564549979203438,1802.6457642533521,139.27207266338726,5 hours 1 minutes,D30,59,24,46,23,blitz,True,22,False,23,2350,1803,-139,True,Time Forfeit,Draw,0.31679417156383527,950,5.016666666666667,0
635.6994887207007,23.139354225650525,1045.5725859398353,794.025189270296,8 hours 8 minutes,C50,51,20,13,29,classical,True,25,True,16,1422,1971,-38,False,Resignation,Win,0.49170403596581497,971,8.133333333333333,1
1409.8439853305813,18.212090484332975,614.4243655210252,620.0727559285135,4 hours 39 minutes,D30,116,22,59,27,blitz,True,4,True,29,2120,2102,-27,True,Resignation,Loss,0.3726893172912626,926,4.65,0
1570.9153075916915,22.686204650187705,446.05228210134237,533.4610919763215,4 hours 0 minutes,E60,21,14,33,19,blitz,False,23,True,17,2502,1564,-298,True,Time Forfeit,Loss,0.597232615852552,508,4.0,0
627.7475791863194,25.52184193139966,1608.2196090777904,893.8925830509577,4 hours 42 minutes,C50,116,12,28,34,rapid,True,16,True,16,2631,1362,-273,False,Normal,Loss,0.6391711535053394,304,4.7,0
1510.7894275013473,22.603793423007033,1392.4952821655434,788.5972112245307,5 hours 24 minutes,E60,52,22,45,11,classical,False,18,True,12,2728,2271,25,True,Normal,Win,0.5182340730676591,501,5.4,1
862.0096388946558,21.105359409652173,1526.5276289587578,151.67487973275118,6 hours 2 minutes,B20,96,5,48,34,rapid,True,18,False,3,2517,1710,-152,True,Resignation,Loss,0.6926829370084566,803,6.033333333333333,0
1338.150495068443,23.146305747538825,740.7426584142572,311.72206779554824,5 hours 36 minutes,A00,49,12,19,42,classical,False,24,True,11,1476,2552,239,False,Resignation,Loss,0.4801914285882381,598,5.6,0
1340.3534793696106,21.666023123932135,618.1943609388316,248.48913981446574,7 hours 43 minutes,C50,52,10,34,45,blitz,True,20,False,14,2661,1315,187,True,Time Forfeit,Loss,0.5053472840899662,166,7.716666666666667,0
1164.3944313345653,22.36493431452748,423.27146506861106,743.946292572677,6 hours 29 minutes,B20,96,9,27,40,rapid,False,11,False,18,2330,2140,137,True,Resignation,Win,0.6956871015831,415,6.483333333333333,1
362.5215860979349,25.5317184702122,960.9400940905551,33.53243473577938,9 hours 33 minutes,B20,45,19,28,23,rapid,False,24,False,21,1619,1536,-236,False,Time Forfeit,Loss,0.3926193743860195,462,9.55,0
1703.5444920606283,21.088821102406193,1343.868298967413,569.8896848713165,7 hours 18 minutes,C50,41,19,45,10,blitz,True,28,False,21,1810,2080,55,False,Resignation,Win,0.6770183758707621,920,7.3,1
777.4041169491245,25.689524510591312,1027.5904721595716,762.4586857406905,8 hours 43 minutes,E60,85,6,19,55,blitz,False,8,False,5,2652,1936,232,False,Resignation,Loss,0.31713502204764527,114,8.716666666666667,0
535.7333187197376,25.24280513564851,1099.9598752379666,876.7656367617494,6 hours 58 minutes,B20,57,5,42,25,blitz,False,0,True,16,1574,2039,-49,True,Resignation,Loss,0.47855475610527787,433,6.966666666666667,0
273.395254798575,19.56632907831437,1846.6539111899974,342.08174871590745,4 hours 16 minutes,D30,109,15,59,55,rapid,False,17,True,20,1272,1346,-66,False,Normal,Loss,0.3280014048532263,992,4.266666666666667,0
1263.6072977388353,18.554890407001324,957.2087472372806,821.2573046720129,5 hours 56 minutes,B20,65,14,14,12,classical,False,20,True,5,2253,2798,-74,False,Normal,Loss,0.5916938971654572,356,5.933333333333334,0
1419.6158513161083,18.806224011019413,1222.3831826556973,110.63173695520723,4 hours 46 minutes,E60,34,22,56,44,rapid,False,3,False,3,2411,2546,224,True,Normal,Win,0.5433635743520071,928,4.766666666666667,1
229.85809207014108,18.1457746052124,1653.8448203858288,846.4522917345182,7 hours 15 minutes,E60,117,22,58,50,classical,False,9,True,12,2587,1642,12,False,Resignation,Draw,0.5826537053870385,695,7.25,0
1121.7675049387058,18.755543686047428,1034.4684517140322,127.48866233198241,6 hours 7 minutes,D30,63,21,44,15,rapid,False,24,True,1,2674,2036,-252,False,Time Forfeit,Win,0.4497921599872068,207,6.116666666666666,1
607.6923953562883,23.464054187330856,1395.3387203645975,397.2872905603673,8 hours 16 minutes,B20,68,12,53,34,rapid,False,6,False,21,1394,2236,-183,False,Time Forfeit,Loss,0.4477927736125521,768,8.266666666666667,0
1361.3110227370098,18.56950918768183,1779.7819339947923,797.2953657795537,8 hours 53 minutes,E60,94,19,43,22,blitz,True,21,False,29,2379,2142,-247,False,Time Forfeit,Loss,0.3181277115843578,235,8.883333333333333,0
513.8595722089847,20.55180504235009,1919.2329978522273,149.91742734877377,9 hours 7 minutes,C50,80,12,42,43,classical,True,22,False,9,2395,2717,264,True,Time Forfeit,Loss,0.4399779758118559,442,9.116666666666667,0
1443.6879285844386,24.759002487755637,635.3175694864607,229.2513952326415,4 hours 17 minutes,A00,86,21,30,17,rapid,False,0,False,29,2046,1486,-257,False,Normal,Win,0.6717153609048238,355,4.283333333333333,1
896.1236233409674,18.186175485886608,1882.540200258391,722.2525683930663,4 hours 11 minutes,A00,25,16,26,30,rapid,False,16,True,9,2264,1919,-248,False,Normal,Loss,0.45169061487217954,515,4.183333333333334,0
1886.1139797261221,24.515747860711485,1187.386068927261,720.0365365460743,6 hours 25 minutes,A00,28,12,31,43,blitz,True,23,False,4,2286,2337,285,True,Resignation,Loss,0.632547082488788,208,6.416666666666667,0
447.5376994627878,20.2548381981872,813.1910212783334,641.1476328852973,4 hours 44 minutes,B20,25,18,57,13,blitz,True,28,False,3,1222,1679,257,False,Resignation,Win,0.6369302018999736,709,4.733333333333333,1
813.9194318904653,18.94531862097325,1134.6172099812181,693.9484444671,5 hours 46 minutes,D30,92,8,46,34,classical,True,28,True,17,1559,1221,224,True,Time Forfeit,Draw,0.44929646255169353,853,5.766666666666667,0
404.2523382330603,23.573897322913204,1968.0521204567633,542.7244433475962,5 hours 15 minutes,E60,114,5,24,24,rapid,False,1,True,2,2298,2572,-199,True,Normal,Win,0.5527954721584756,125,5.25,1
1864.448512901413,23.03154277423907,1188.1889503885914,251.79905890695275,4 hours 22 minutes,C50,51,5,44,13,classical,True,27,False,24,1759,1882,97,True,Time Forfeit,Win,0.3381486409092234,138,4.366666666666666,1
1779.2108360857658,25.019776108216423,926.0025764600132,345.69599350391945,5 hours 20 minutes,C50,60,23,37,54,rapid,False,25,True,1,1871,2789,-163,False,Resignation,Win,0.3414714322937106,339,5.333333333333333,1
664.2949298872801,23.880568350431087,1413.4413669067612,181.59771680142566,9 hours 57 minutes,B20,95,20,16,21,classical,False,10,False,8,2341,2105,86,True,Resignation,Win,0.31946306546468534,537,9.95,1
1387.9712828615222,24.42784744307879,784.2329900451089,908.4505613336283,9 hours 14 minutes,A00,27,18,41,41,blitz,True,8,False,13,2603,1519,-190,True,Time Forfeit,Draw,0.5324060373500438,68,9.233333333333333,0
1670.9999603621884,20.25627658057045,521.3813249738623,583.3917947661205,8 hours 6 minutes,B20,91,20,20,41,rapid,False,6,True,23,1878,1325,-284,True,Resignation,Win,0.47042839105043877,573,8.1,1
1199.3614608790322,19.41951635023778,606.2075550570387,400.8514167636399,4 hours 50 minutes,D30,69,9,19,37,classical,False,21,True,15,2513,1476,-119,False,Time Forfeit,Win,0.519212942665696,541,4.833333333333333,1
1153.3710410408116,24.00491801312687,604.8733423324359,462.0058036441327,5 hours 58 minutes,D30,111,13,18,22,blitz,False,16,False,8,1639,2427,235,False,Normal,Win,0.5084292762033551,383,5.966666666666667,1
635.334123620813,24.454677914138113,643.0443096196709,947.2833396118153,8 hours 17 minutes,E60,81,6,23,40,blitz,False,16,False,12,2132,1393,240,False,Time Forfeit,Loss,0.44008119643629207,19,8.283333333333333,0
367.5849820506186,25.924041136005386,622.1234762390562,153.3514031160802,9 hours 51 minutes,E60,103,22,22,23,classical,True,1,False,22,1206,2770,-130,False,Normal,Loss,0.5709893659293892,683,9.85,0
1814.988364315988,21.300941415291412,1425.3995916851434,586.2298320167972,6 hours 17 minutes,D30,81,10,34,29,rapid,True,5,True,12,2419,1895,108,False,Normal,Win,0.6034007523665563,450,6.283333333333333,1
1820.752502893995,20.976144686342266,691.0081350386317,505.888678884466,6 hours 41 minutes,D30,26,13,11,27,rapid,False,13,False,14,1620,2509,77,False,Resignation,Win,0.30585130355107026,74,6.683333333333334,1
1339.5826230918824,24.211303685935974,953.0676533181811,611.4542354346478,4 hours 13 minutes,D30,94,5,44,38,blitz,False,5,False,15,2791,1256,-113,False,Resignation,Loss,0.3828969199075513,573,4.216666666666667,0
810.2536238876612,20.72642832202414,1834.861455849619,18.110183820840508,6 hours 43 minutes,B20,103,13,16,15,rapid,True,1,False,15,2032,2526,-71,True,Resignation,Win,0.5852943472333347,939,6.716666666666667,1
828.5772343027896,25.44605860482852,1158.3386244205958,872.1239089441515,7 hours 44 minutes,D30,99,20,30,41,rapid,False,0,False,9,2416,2386,-182,True,Time Forfeit,Loss,0.45464806905353367,665,7.733333333333333,0
1506.720221966431,24.867302014744094,1468.0923816336435,932.1182824836123,5 hours 2 minutes,C50,23,17,27,38,rapid,True,9,False,19,1758,1218,-145,True,Time Forfeit,Win,0.5649935787766432,276,5.033333333333333,1
1814.7984679146389,21.431952219000145,675.7117939226077,565.1331835892089,8 hours 42 minutes,A00,25,13,12,52,blitz,False,20,True,26,2371,2593,164,True,Resignation,Loss,0.4387850638938233,48,8.7,0
1796.755563677211,24.00696854233198,707.6624300938732,696.6508238768922,5 hours 54 minutes,D30,77,17,51,11,classical,False,4,False,20,2425,1463,-197,False,Time Forfeit,Win,0.4563020609318548,211,5.9,1
1603.7759825437229,24.036342992677458,465.3897860263662,922.4993811772957,7 hours 38 minutes,A00,41,13,48,32,rapid,True,1,False,29,2667,1993,201,True,Resignation,Loss,0.36347154947587396,855,7.633333333333333,0
